word,phonetic,meaning,,
pink,[piŋk],粉红色；粉红的,,
brown,[braun],褐色，棕色,,
chocolate,[‘tʃɔkəlit],深褐色,,
camel,[‘kæməl],驼色的,,
green,[gri:n],绿色；绿色的,,
blue,[blu:],蓝色；蓝色的,,
red,[red],红色；红色的,,
purple,[‘pə:pl],紫色的,,
violet,[‘vaiələt],紫罗兰色的,,
white,[wait],白色；白色的,,
ivory,[‘aivəri],乳白色的,,
gray,[grei],灰色；灰色的,,
scarlet,[‘ska:lət],猩红色,,
golden,[‘gəuldən],金色的,,
orange,[‘ɔrindʒ],橙色的,,
silver,[‘silvə],银白色,,
yellow,[‘jeləu],黄色,,
family,[‘fæmili],家庭，亲属,,
marriage,[‘mæridʒ],结婚,,
couple,[‘kʌpl],夫妇，夫妻,,
parent,[‘pεərənt],父母,,
single,[‘siŋgl],单身的,,
male,[meil],男的,,
female,[‘fi:meil],女的,,
husband,[‘hʌzbənd],丈夫,,
father,[‘fa:ðə],父亲,,
foster,[‘fɔstə],领养的,,
mother,[‘mʌðə],母亲,,
wife,[waif],妻子,,
son,[sʌn],儿子,,
grandson,[grændsʌn],孙子,,
daughter,[‘dɔ:tə],女儿,,
child,[tʃaild],孩子，儿童,,
heir,[εə],继承人,,
brother,[‘brʌðə],兄弟,,
sister,[‘sistə],姐妹,,
twin,[twin],双胞胎的,,
grandfather,[‘grændfa:ðə],祖父,,
grandmother,[grændmʌðə],祖母,,
granny,[‘græni],奶奶；外婆,,
grandma,[‘grændma:],奶奶,,
grandad,['grændæd],爷爷,,
grandpa,[‘grændpa:],爷爷,,
uncle,[‘ʌŋkl],叔叔，伯父,,
aunt,[a:nt],阿姨，舅妈，姑妈,,
nephew,[‘nefju:],侄子，外甥,,
niece,[ni:s],侄女，外甥女,,
cousin,[‘kʌzən],堂兄弟姐妹,,
school,[sku:l],学校,,
university,[ju:ni’və:səti],大学,,
college,[‘kɔlidʒ],学院,,
institute,[‘institjut],学会，协会；学院,,
hospital,[‘hɔspitəl],医院,,
clinic,[‘klinik],诊所,,
shop,[ʃɔp],商店（英）,,
store,[stɔ:],商店（美）,,
bookshop,[‘bukʃɔp],书店,,
bookstore,[‘bukstɔ:],书店,,
market,[‘ma:kit],市场，集市,,
supermarket,[‘sju:pəma:kit],超市,,
hotel,[həu’tel],旅馆，客栈,,
restaurant,[‘restərɔnt],餐厅,,
bar,[ba:],酒吧,,
cafe,[‘kæfei],咖啡馆,,
bank,[bæŋk],银行,,
court,[kɔ:t],法院,,
port,[pɔ:t],港口,,
library,[‘laibrəri],图书馆,,
airport,[‘εəpɔ:t],飞机场,,
church,[tʃə:tʃ],教堂,,
kindergarten,[‘kindəga:tən],幼儿园,,
museum,[mju:’ziəm],博物馆,,
station,[‘steiʃən],车站,,
cinema,[‘sinəmə],电影院,,
theater,[‘θiətə],剧院，戏院,,
club,[klʌb],俱乐部,,
gym,[dʒim],体育馆，健身房,,
park,[pa:k],公园，停车场,,
zoo,[zu:],动物园,,
post office,['pəust'ɔfis],邮局,,
tomato,[tə’ma:təu],西红柿,,
asparagus,[ə’spærəgəs],芦笋,,
cucumber,[‘kju:kʌmbə],黄瓜,,
eggplant,['egpla:nt],茄子,,
bean,[bi:n],豆 菜豆,,
beetroot,[‘bi:t ru:t],甜菜根,,
potato,[pə’teitəu],马铃薯,,
carrot,[‘kærət],胡萝卜,,
cauliflower,['kɔli flauə],花菜,,
pumpkin,[‘pʌmpkin],南瓜,,
cabbage,[‘kæbidʒ],卷心菜,,
chilli,[‘tʃili],红辣椒,,
capsicum,[‘kæpsikəm],辣椒,,
garlic,[‘ga:lik],蒜,,
fennel,[‘fenl],茴香,,
melon,[‘melən],香瓜 甜瓜,,
celery,[‘seləri],芹菜,,
onion,[‘ʌnjən],葱,,
leek,[li:k],韭菜,,
radish,[‘rædiʃ],萝卜,,
mushroom,[‘mʌʃru:m],蘑菇,,
lettuce,[‘letis],莴苣 生菜,,
pea,[pi:],豌豆,,
spinach,['spinidʒ -itʃ],菠菜,,
dash,[dæʃ],短跑（美）,,
race,[reis],赛跑,,
high jump,[],跳高,,
long jump,[],跳远,,
throwing,['θrəuiŋ],投掷,,
walk,[wɔ:k],竞走,,
football,[‘fut bɔ:l],足球（美式橄榄球）,,
basketball,[‘ba:skitbɔ:l],篮球,,
volleyball,[‘vɔlibɔ:l],排球,,
badminton,[‘bædmintən],羽毛球,,
tennis,[‘tenis],网球,,
table tennis,[],乒乓球,,
baseball,[‘beisbɔ:l],棒球,,
wrestling,[‘resliŋ],摔跤,,
boxing,[‘bɔksiŋ],拳击,,
soccer,[‘sɔkə],足球,,
chess,[tʃes],国际象棋,,
bridge,[bridʒ],桥牌,,
marathon,[mærəθɔn],马拉松,,
pole vault,['pəulvɔ:lt],撑竿跳,,
shot put,[],推铅球,,
discus,[‘diskəs],铁饼,,
hammer,[‘hæmə],链球,,
javelin,[‘dʒævlin],标枪,,
gymnastics,[dʒim’næstiks],体操,,
horizontal bar,[],单杠,,
parallel bars,[],双杠,,
rings,[riŋz],吊环,,
weight-lifting,['weit liftiŋ],举重,,
judo,[‘dʒu:dəu],柔道,,
fencing,[‘fensiŋ],击剑,,
skiing,[‘ski:iŋ],滑雪,,
skating,[‘skeitiŋ],滑,,
figure skating,[],花样滑冰,,
bobsleigh,[‘bɔbslei],雪橇,,
handball,[‘hændbɔ:l],手球,,
hockey,[‘hɔki],曲棍球,,
golf,[gɔlf],高尔夫球,,
cricket,[‘krikit],板球,,
ice hockey,[],冰球,,
swim,[swim],游泳,,
breaststroke,['breststrəuk],蛙泳,,
backstroke,[bækstrəuk],仰泳,,
freestyle,['fri:stail],自由泳,,
diving,[‘daiviŋ],跳水,,
polo,['pəuləu],马球 水球,,
water polo,[],水球,,
rowing,[‘rəuiŋ],划船 赛艇,,
canoe,[kə’nu:],独木舟,,
sailing,[‘seiliŋ],帆船运动,,
rally,[‘ræli],汽车拉力赛,,
apple,[‘æpl],苹果,,
pear,[pεə],梨,,
apricot,[‘eiprikɔt],杏,,
peach,[pi:tʃ],桃,,
grape,[greip],葡萄,,
banana,[bə’na:nə],香蕉,,
pineapple,[‘pain æpl],菠萝,,
plum,[plʌm],李子,,
watermelon,['wɔ:təmelə],西瓜,,
orange,[‘ɔrindʒ],橙 桔子,,
lemon,[‘lemən],柠檬,,
mango,[‘mæŋgəu],芒果,,
strawberry,[‘strɔ:bəri],草莓,,
loquat,[‘ləukwɔt],枇杷,,
mulberry,[‘mʌlbəri],桑椹,,
cherry,[‘tʃeri],樱桃,,
pomegranate,[‘pɔmgrænit],石榴,,
fig,[fig],无花果,,
persimmon,[pə’simən],柿子,,
walnut,['wɔ:lnʌt -nət],核桃,,
hazelnut,[‘heizəlnʌt],榛子,,
peanut,[‘pi:nʌt],花生,,
date,[‘deit],枣,,
chestnut,[‘tʃesnʌt],粟子,,
coconut,[‘kəukənʌt],椰子,,
guava,[‘gwa:və],番石榴,,
sugarcane,[‘ʃugə kein],甘蔗,,
meat,[mi:t],肉,,
beef,[bi:f],牛肉,,
veal,[vi:l],小牛肉,,
lamb,[læm],羔羊肉,,
mutton,[‘mʌtən],羊肉,,
sirloin,[‘sə:lɔin],牛里脊肉,,
steak,[steik],牛排,,
chop,[tʃɔp],排骨,,
cutlet,[‘kʌtlit],肉条,,
stew,[stju: stu:],焖 炖肉,,
roast,[rəust],烤肉,,
pork,[pɔ:k],猪肉,,
ham,[hæm],火腿,,
bacon,[beikən],培根 熏肉,,
sausage,[sɔsidʒ],香肠 腊肠,,
chicken,[‘tʃikin],鸡肉,,
turkey,[‘tə:ki],火鸡,,
duck,[dʌk],鸭,,
fish,[fiʃ],鱼,,
broth,[brɔθ],肉汤,,
ambulance,[‘æmbjuləns],救护车,,
bike,[baik],自行车（口语）,,
bicycle,[‘baisikl],自行车,,
motorcycle,[‘məutə saikl],摩托车,,
cart,[ka:t],二轮马车,,
carriage,[‘kæridʒ],四轮马车,,
car,[ka:],小汽车,,
jeep,[dʒi:p],吉普车,,
tractor,[‘træktə],拖拉机,,
lorry,[‘lɔ:ri],重型卡车,,
truck,[trʌk],卡车,,
bus,[bʌs],公共汽车,,
coach,[kəutʃ],四轮大马车,,
van,[væn],厢式货车,,
taxi,[‘tæksi],出租车,,
subway,[‘sʌbwei],地铁,,
railway,[‘reilwei],铁路,,
train,[trein],火车,,
locomotive,[‘ləukə məutiv],火车头 机车,,
express,[ik’spres],快客列车 快车,,
boat,[bəut],小船,,
ship,[ʃip],船,,
yacht,[jɔt],游艇,,
vessel,[‘vesəl],大船,,
warship,[‘wɔ:ʃip],军舰 战船,,
aeroplane,[‘εərəplein],飞机,,
plane,[plein],飞机,,
aircraft,[‘εəkra:ft],飞机,,
airplane,[‘εəplein],飞机,,
jet,[dʒet],喷气式飞机,,
spaceship,[speisʃip],宇宙飞船,,
space shuttle,[spies 'ʃʌtl],航天飞机,,
helicopter,[‘helikɔptə],直升飞机,,
season,['si:zən],四季,,
meridiem,[mə'ridi:əm],正午,,
A.M.,[],上午,,
morning,[],上午,,
P.M.,[],下午,,
afternoon,[],下午,,
spring,[spriŋ],春天,,
summer,['sʌmə],夏天,,
fall,[fɔ:l],秋天,,
winter,['wintə],冬天,,
yesterday,['jestədi -dei],昨天,,
tomorrow,[tə'mɔrəu],明天,,
Monday,['mʌndi],周一,,
Tuesday,['tju:zdi -dei],周二,,
Wednesday,['wenzdi -dei],周三,,
Thursday,['θə:zdi -dei],周四,,
Friday,['fraidi],周五,,
Saturday,['sætədi -dei],周六,,
Sunday,['sʌndei],星期天,,
weekend,[wi:k'end],周末,,
January,['dʒænjuəri],一月,,
February,['februəri],二月,,
March,[ma:tʃ],三月,,
April,['eiprəl],四月,,
May,[mei],五月,,
June,[dʒu:n],六月,,
July,[dʒu:'lai],七月,,
August,[ɔ:'gʌst],八月,,
September,[sep'tembə],九月,,
October,[ɔk'təubə],十月,,
November,[nəu'vembə],十一月,,
December,[di'sembə],十二月,,
nutrition,[nju:’triʃən],营养,,
appetite,[‘æpitait],胃口,,
hunger,[‘hʌŋgə],饥饿,,
thirst,[θə:st],口渴,,
hungry,[‘hʌŋgri],饥饿的,,
thirsty,[‘θə:sti],口渴的,,
gluttony,[‘glʌtəni],暴食,,
greed,[gri:d],贪嘴,,
overfeeding,[],吃得过多,,
diet,[‘daiət],食谱,,
banquet,[‘bæŋkwit],宴会,,
breakfast,[‘brekfəst],早餐,,
lunch,[lʌntʃ],午餐,,
dinner,[‘dinə],正餐,,
supper,[‘sʌpə],晚饭,,
Soup,[su:p],汤,,
entree,[‘ɔntrei],正菜,,
dessert,[di’zə:t],甜点,,
snack,[snæk],点心小吃,,
can,[kæn],罐头,,
tin,[tin],听 罐头,,
fruit,[fru:t],水果,,
vegetable,[‘vedʒitəbl],蔬菜,,
beancurd,['bi:nkə:d],豆腐,,
crisp,[krisp],炸土豆片,,
chips,[tʃips],炸薯条,,
milk,[milk],奶,,
egg,[eg],蛋,,
spice,[spais],调料,,
salt,[sɔ:lt],盐,,
vinegar,[‘vinigə],醋,,
sauce,[sɔ:s],酱油,,
oil,[ɔil],油,,
salad,['sæləd],色拉,,
salad oil,[],色拉油,,
pepper,[‘pepə],辣椒 胡椒,,
mustard,[‘mʌstəd],芥末,,
clove,[kləuv],丁香,,
cheese,[tʃi:z],奶酪,,
butter,[‘bʌtə],奶油,,
noodle,[‘nu:dl],面条,,
rice,[rais],米饭,,
loaf,[ləuf],长面包,,
biscuit,[‘biskit],饼干 小甜品,,
cracker,['krækə],饼干（美）,,
Pizza,['pi:tsə],比萨饼,,
bread,[bred],面包,,
crust,[krʌst],面包皮,,
cake,[keik],蛋糕,,
cookie,[‘kuki],甜饼干 曲奇饼,,
mooncake,[‘mu:nkeik],月饼,,
pie,[pai],馅饼,,
hamburg,[hæmbə:g],汉堡包,,
pancake,['pænkeik],薄煎饼,,
sandwich,['sænwidʒ],三明治,,
meteorology,mi:tiə'rɔlədʒi],气象学,,
atmosphere,[ætmə sfiə],大气,,
climate,[‘klaimit],气候,,
weather,[‘weðə],天气,,
fine,[fain],晴天,,
sunny,[‘sʌni],晴朗的,,
rainy,[‘reini],下雨的,,
dull,[dʌl],阴天的 多云的,,
windy,[‘windi],刮风的,,
temperature,[‘tempəritʃə],气温 温度,,
season,[‘si:zən],季节 四季,,
spring,[spriŋ],春天,,
summer,[‘sʌmə],夏天,,
autumn,[‘ɔ:təm],秋天,,
fall,[fɔ:l],（美）秋天 秋季,,
winter,[‘wintə],冬天 冬季,,
frost,[frɔst],霜,,
hail,[heil],冰雹,,
snow,[snəu],雪,,
thunder,[‘θʌndə],雷,,
wind,[wind],风,,
mist,[mist],薄雾,,
cloud,[klaud],云 阴云,,
haze,[heiz],阴霾 薄雾,,
rain,[rein],雨,,
downpəur,[‘daunpɔ:],暴雨,,
shower,[‘ʃauə],阵雨,,
storm,[stɔ:m],暴风雨 风暴,,
lightning,[‘laitniŋ],闪电,,
hurricane,[‘hʌrikən],暴风,,
cyclone,[‘saikləun],旋风,,
typhoon,[tai’fu:n],台风,,
tornado,[tɔ:’neidəu],龙卷风,,
gale,[geil],季节风 大风,,
breeze,[bri:z],微风,,
monsoon,[mɔn'su:n],季风,,
fog,[fɔg],浓雾,,
dew,[dju: du:],露水,,
humidity,[hju:’midəti],潮湿,,
freeze,[fri:z],冰冻,,
drought,[draut],干旱,,
rainbow,[‘reinbəu],彩虹,,
flood,[flʌd],洪水,,
tide,[taid],潮汐 潮水,,
earthquake,[ə:θkweik],地震,,
sunlight,[‘sʌnlait],阳光 日光,,
sunshine,[‘sʌnʃain],阳光,,
tea,[ti:],茶,,
coffee,['kɔfi],咖啡,,
juice,[dʒu:s],果汁,,
wine,[wain],葡萄酒,,
beverage,['bevəridʒ],饮料,,
drink,[driŋk],酒 饮料,,
mineral water,['minərəl 'wɔ:tə],矿泉水,,
lemonade,[lemə’neid],柠檬水,,
beer,[biə],啤酒,,
claret,[‘klærət],红葡萄酒,,
cider,[‘saidə],苹果酒,,
champagne,[ʃæmpein],香槟酒,,
cocktail,[‘kɔk teil],鸡尾酒,,
vodka,[‘vɔdkə],伏特加,,
whisky,[‘wiski],威士忌,,
brandy,[‘brændi],白兰地,,
martini,[ma:’ti:ni],马提尼酒,,
menu,[‘menju:],菜单菜谱,,
bowl,[bəul],碗,,
table,[‘teibl],餐桌,,
tablecloth,[‘teiblklɔθ],桌布,,
napkin,[‘næpkin],餐巾,,
cutlery,[‘kʌtləri],餐具,,
fork,[fɔ:k],叉,,
spoon,[spu:n],匙 勺子,,
teaspoon,[‘ti:spu:n],茶匙,,
ladle,[‘leidl],长柄勺,,
knife,[naif],刀,,
glass,[gla:s],玻璃杯,,
bottle,[‘bɔtl],瓶子,,
cup,[kʌp],杯子,,
saucer,[‘sɔ:sə],茶碟 咖啡碟,,
teapot,[‘ti:pɔt],茶壶,,
tray,[trei],托盘,,
coffeepot,[],咖啡壶,,
clothes,[kləuðz],衣服 服装,,
clothing,['kləuðiŋ],服装,,
suit,[sju:t su:t],男西装男外衣,,
dress,[dres],女装 连衣裙,,
uniform,['ju:nifɔ:m],制服,,
coat,[kəut],外套,,
jacket,['dʒækit],夹克 短上衣,,
pocket,['pɔkit],衣袋 口袋,,
sleeve,[sli:v],袖子 衣袖,,
shirt,[ʃə:t],衬衫 内衣,,
sweater,['swetə],毛衣 运动衫,,
trousers,['trauzəz],裤子,,
belt,[belt],腰带,,
skirt,[skə:t],裙子,,
handkerchief,['hæŋkətʃif],手帕,,
shoe,[ʃu:],鞋,,
sole,[səul],鞋底,,
heel,[hi:l],鞋后跟,,
boot,[bu:t],靴子,,
glove,[glʌv],手套,,
tie,[tai],领带,,
cotton,['kɔtən],棉花,,
ring,[riŋ],戒指,,
necklace,[’neklis],项链,,
perfume,[pə’fju:m],香水,,
purse,[pə:s],手提包 钱包,,
muffler,[’mʌflə],围巾,,
jeans,[dʒi:nz],牛仔裤,,
shorts,[ʃɔ:ts],短裤 内裤,,
sandal,['sædəl],凉鞋 便鞋,,
vest,[vest],背心 汗衫,,
sneaker,['sni:kə],运动鞋,,
pants,[pænts],裤子 短裤,,
bra,[bra:],乳罩,,
stocking,[’stɔkiŋ],长筒袜,,
sock,[sɔk],短袜 袜子,,
apron,[’eiprən],围裙,,
slipper,[’slipə],拖鞋,,
earring,[’iəriŋ],耳环 耳饰,,
lipstick,[’lipstik],口红 唇膏,,
tissue,['tiʃju: -sju:],纸巾,,
raincoat,[’reinkəut],雨衣,,
button,[’bʌtən],纽扣,,
collar,[’kɔlə],衣领 领子,,
wallet,[’wɔlit],钱包 皮夹,,
blouse,[blauz],女衬衫,,
head,[hed],头,,
hair,[hεə],头发,,
face,[feis],脸,,
cheek,[tʃi:k],脸颊,,
ear,[iə],耳朵,,
eye,[ai],眼睛,,
lid,[lid],眼睑,,
nose,[nəuz],鼻子,,
mouth,[mauθ],嘴,,
lip,[lip],嘴唇,,
throat,[θrəut],咽喉 嗓子,,
tonsil,[’tɔnsil],扁桃体,,
tooth,[tu:θ],牙齿,,
denture,[’dentʃə],假齿,,
gum,[gʌm],牙龈,,
tongue,[tʌŋ],舌头,,
neck,[nek],脖子,,
skull,[skʌl],颅骨 头盖骨,,
brain,[brein],脑,,
chin,[tʃin],下巴,,
forehead,[’fɔrid],前额,,
temple,[’templ],太阳穴,,
mustache,[mə'stɑ:ʃ 'mʌstæʃ],胡子,,
beard,[biəd],山羊胡 胡须,,
whisker,[’hwiskə],络腮胡,,
sidebums,[],鬓角,,
baldhead,['bɔ:ldhed],秃头,,
wrinkle,[’riŋkl],皱纹,,
mole,[məul],痣,,
freckle,[’frekl],雀斑,,
dimple,[’dimpl],酒涡,,
pimple,[’pimpl],粉刺 丘疹,,
chest,[tʃest],胸部,,
navel,[’neivəl],肚脐,,
abdomen,[æb'dəumen],腹部,,
shoulder,[’ʃəuldə],肩膀,,
back,[bæk],背部 手背,,
waist,[weist],腰 腰部,,
hip,[hip],臀部,,
buttock,[’bʌtək],屁股,,
finger,['fiŋgə],手指,,
thumb,[θʌm],大拇指,,
forefinger,[’fɔ: fiŋgə],食指,,
middle finger,[],中指,,
third finger,[],无名指,,
little finger,[],小指,,
palm,[pa:m],手掌,,
nail,[neil],指甲,,
fist,[fist],拳头,,
knuckle,[’nʌkl],指关节,,
wrist,[rist],手腕 腕关节,,
elbow,[’elbəu],肘部,,
armpit,[’ɑ:mpit],腋下,,
thigh,[θai],大腿,,
kneecap,[‘ni:kæp],膝盖骨,,
knee,[ni:],膝盖 膝,,
shank,[ʃæŋk],小腿,,
calf,[ka:f kæf],小腿肚,,
foot,[fut],脚,,
instep,[’instep],脚背,,
toe,[təu],脚趾 足尖,,
ankle,[’æŋkl],踝 踝关节,,
heel,[hi:l],脚后跟 鞋后跟,,
sole,[səul],脚底 鞋底,,
arch,[a:tʃ],脚掌心 足弓,,
comb,[kəum],梳子,,
glass,[gla:s glæs],玻璃杯,,
umbrella,[ʌm’brelə],雨伞,,
bag,[bæg],袋子 包,,
handbag,[hændbæg],手提包,,
handkerchief,[‘hæŋkətʃif],手帕 头巾 围巾,,
purse,[pə:s],钱包,,
wallet,[‘wɔlit],钱包 皮夹,,
watch,[wɔtʃ],手表,,
match,[mætʃ],火柴,,
chair,[tʃεə],椅子,,
armchair,[a:m'tʃεə 'a:m-],扶手椅,,
bench,[bentʃ],长椅子 长凳,,
rug,[rʌg],小地毯 地毯,,
carpet,[‘ka:pit],地毯,,
desk,[desk],书桌 办公桌,,
fan,[fæn],风扇,,
furniture,[‘fə:nitʃə],家具,,
bed,[bed],床,,
bedclothes,['bedkləuðz],铺盖 床上用品,,
blanket,[‘blæŋkit],毛毯 毯子,,
pillow,[‘piləu],枕头,,
quilt,[kwilt],棉被 被子,,
sheet,[ʃi:t],床单,,
mat,[mæt],席子,,
cushion,[‘kuʃən],垫子,,
curtain,[‘kə:tən],窗帘 帘子,,
suitcase,[‘sju:tkeis],手提箱 衣箱,,
cupboard,[‘kʌbəd],碗柜 橱柜,,
drawer,[drɔ:],抽屉,,
stool,[stu:l],凳子,,
clock,[klɔk],时钟,,
light,[‘lait],灯,,
lamp,[læmp],灯,,
needle,[‘ni:dl],针,,
thread,[θred],线,,
bathroom,[‘ba:θrum],浴室 厕所,,
mirror,[‘mirə],镜子,,
soap,[səup],肥皂,,
towel,[‘tauəl],毛巾 手巾,,
lavatory,[‘lævətəri],洗脸盆 厕所,,
toothpaste,[‘tu:θpeist],牙膏,,
closet,[‘klɔzit],壁橱,,
screen,[skri:n],屏风 屏幕,,
shelf,[ʃelf],架子 搁板,,
rack,[ræk],行李架,,
toilet,[‘tɔilit],卫生间 厕所,,
tap,[tæp],水龙头,,
bath,[ba:θ],浴缸 浴盆,,
sponge,[spʌndʒ],海绵,,
thermometer,[θə’mɔmitə],温度计 体温计,,
bulb,[bʌlb],灯泡,,
switch,[switʃ],开关,,
plug,[plʌg],插头,,
telephone,[‘telifəun],电话,,
hook,[huk],挂钩 衣钩,,
toothbrush,[‘tu:θbrʌʃ],牙刷,,
perfume,[pə’fju:m],香水,,
torch,[tɔ:tʃ],手电筒 火把,,
battery,[‘bætəri],电池,,
lock,[lɔk],锁,,
trunk,[trʌŋk],大衣箱 车后行李箱（美）,,
antique,[æn’ti:k],古玩 古董,,
cradle,[‘kreidl],摇篮,,
television,[‘teli viʒən],电视机,,
radio,[‘reidiəu],收音机,,
microphone,[‘maikrəfəun],麦克风 话筒,,
refrigerator,[ri’fridʒəreitə],冰箱,,
stereo,[‘steri əu],立体音响系统,,
glue,[glu:],胶水 胶,,
eraser,[i’reizə],橡皮擦,,
toolbox,[‘tu:l bɔks],工具箱,,
bench,[bentʃ],工作台 钳工台,,
vice,[vais],老虎钳,,
saw,[sɔ:],锯,,
plane,[plein],刨子,,
file,[‘fail],锉,,
square,[skwεə],直角尺 丁字尺,,
hammer,[‘hæmə],锤子,,
nail,[neil],钉子,,
brad,[bræd],平头钉 无头钉 曲头钉,,
screw,[skru:],螺丝钉,,
screwdriver,[‘skru: draivə],螺丝刀 改锥,,
ruler,[‘ru:lə],尺,,
sandpaper,[‘sænd peipə],砂纸,,
spanner,[‘spænə],扳手（英国）,,
wrench,[rentʃ],扳手（美国）,,
drill,[dril],钻 钻头,,
nut,[nʌt],螺母 螺帽,,
bolt,[bəult],螺栓,,
pin,[pin],大头针 针,,
spade,[speid],铁锹 铲子,,
fork,[fɔ:k],叉子,,
shovel,[‘ʃʌvəl],铁锹 铲,,
rake,[reik],耙子,,
roller,[‘rəulə],滚筒 滚轴,,
sickle,[‘sikl],镰刀,,
brush,[brʌʃ],刷子 毛笔 画笔,,
scissors,[‘sizəz],剪子 剪刀,,
pickaxe,['pikæks],丁字镐 鹤嘴锄,,
axe,[æks],斧子,,
lever,[‘li:və],杠杆,,
crank,[kræŋk],曲柄 曲轴,,
lathe,[leið],车床,,
clip,[klip],回形针 夹子,,
compass,[‘kʌmpəs],指南针 罗盘,,
ladder,[‘lædə],梯子,,
azalea,[ə’zeiljə],杜鹃花,,
begonia,[bi’gəunjə],秋海棠,,
cactus,[‘kæktəs],仙人掌,,
camellia,[kə’mi:liə],山茶花,,
canna,[‘kænə],美人蕉,,
carnation,[ka:'neiʃən],康乃馨,,
chrysanthemum,[kri'sænθəməm],菊花,,
dahlia,[‘deiljə],大丽花,,
daisy,[‘deizi],雏菊,,
datura,[də’tjuərə],曼陀罗,,
hawthorn,[‘hɔ:θɔ:n],山楂 山楂树,,
jasmine,[‘dʒæsmin],茉莉,,
lilac,[‘lailək],丁香花,,
lily,[‘lili],百合,,
morning glory,[],牵牛花,,
narcissus,[na:’sisəs],水仙花,,
orchid,[‘ɔ:kid],兰花,,
peony,[‘piəni],牡丹花 芍药花,,
poppy,[‘pɔpi],罂粟花,,
redbud,[‘redbʌd],紫荆,,
rose,[rəuz],玫瑰 月季,,
tulip,[‘tju:lip],郁金香,,
violet,[‘vaiələt],紫罗兰,,
sunflower,[‘sʌnflauə],向日葵,,
lotus,[‘ləutəs],荷花 莲花,,
dandelion,[‘dændilaiən],蒲公英,,
pine,[pain],松树,,
larch,[la:tʃ],落叶松,,
cypress,[‘saipris],柏树,,
bamboo,[bæm’bu:],竹 竹子,,
poplar,[‘pɔplə],白杨,,
willow,[‘wiləu],柳树,,
birch,[‘bə:tʃ],白桦,,
maple,[‘meipl],枫树,,
fir,[fə:],冷杉 枞树,,
eucalytus,[],桉树,,
locust,[‘ləukəst],洋槐,,
camphor tree,[],樟树,,
sandalwood,['sædəlwud],檀香木,,
elm,[elm],榆树 榆木,,
oak,[əuk],橡树,,
ginkgo,['giŋk(g)əu],银杏 银杏树,,
holly,[‘hɔli],冬青树,,
coco,[‘kəukəu],椰树,,
date,[‘deit],枣椰树,,
hickory,[‘hikəri],山核桃树,,
beech,[bi:tʃ],山毛榉,,
baobab,[‘beiəubæb],猴面包树,,
palm,[pa:m],棕榈树,,
laurel,[‘lɔrəl],月桂树,,
ivy,[‘aivi],常春藤,,
olive,[‘ɔliv],橄榄树,,
bitch,[bitʃ],母狗 雌狗,,
horse,[hɔ:s],马,,
mare,[mεə],母马 母驴,,
pony,[‘pəuni],矮种马 小马,,
mule,[mju:l],骡,,
equus,['ekwəs],马属（包括马 驴 斑马等）,,
ass,[æs],驴,,
donkey,[‘dɔŋki],驴,,
ox,[ɔks],牛 公牛,,
buffalo,[‘bʌfələu],水牛 野牛,,
bull,[bul],公牛,,
cow,[kau],奶牛 母牛,,
calf,[ka:f],小牛 犊,,
heifer,[‘hefə],小母牛,,
pig,[pig],猪,,
swine,[swain],猪,,
piglet,[‘piglit],小猪 尤指乳猪 猪崽,,
sheep,[ʃi:p],羊 绵羊,,
goat,[gəut],山羊,,
lamb,[læm],小羊 羔羊,,
dog,[dɔg],狗,,
cat,[kæt],猫,,
kitten,[‘kitən],小猫,,
kitty,[‘kiti:],小猫,,
rabbit,[‘ræbit],兔子 野兔,,
mouse,[maus],家鼠 老鼠,,
mice,[mais],老鼠（mouse 的复数）,,
cock,[kɔk],公鸡,,
hen,[hen],母鸡,,
chicken,[‘tʃikin],鸡 小鸡,,
turkey,[‘tə:ki],火鸡,,
goose,[gu:s],鹅,,
rooster,[‘ru:stə],公鸡,,
chick,[tʃik],雏鸡 小鸟,,
tomcat,[‘tɔmkæt],雄猫,,
zebra,[‘zi:brə],斑马,,
antelope,[‘æntiləup],羚羊,,
gazelle,[gə’zel],小羚羊 瞪羚,,
deer,[diə],鹿,,
reindeer,[‘rein’diə],驯鹿,,
giraffe,[dʒi’ra:f],长颈鹿,,
baboon,[bə’bu:n],狒狒,,
camel,[‘kæməl],骆驼,,
elephant,[‘elifənt],象,,
rhinoceros,[rai'nɔsərəs ri-],犀牛,,
hippopotamus,[,hipə’pɔtəməs],河马,
panda,[‘pændə],熊猫 猫熊,,
lion,[‘laiən],狮,,
lynx,[liŋks],猞猁,,
panther,[‘pænθə],豹 美洲豹 黑豹,,
puma,[‘pju:mə],美洲狮,,
leopard,[‘lepəd],豹 金钱豹,,
tiger,[‘taigə],虎,,
wildcat,[‘waildkæt],野猫,,
bison,[‘baisən],美洲野牛 欧洲野牛,,
yak,[jæk],牦牛,,
badger,[‘bædʒə],獾,,
weasel,[‘wi:zəl],黄鼠狼,,
otter,[‘ɔtə],水獭,,
fox,[fɔks],狐狸,,
hyena,[hai’i:nə],鬣狗 土狼,,
wolf,[wulf],狼,,
squirrel,['skwə:rəl 'skwi- 'skwʌ-],松鼠,,
beaver,[‘bi:və],河狸 海狸,,
marmot,[‘ma:mət],旱獭 土拨鼠,,
bear,[bεə],熊,,
hare,[hεə],野兔,,
rat,[ræt],鼠,,
gopher,['gəufə],黄鼠 囊地鼠,,
mole,[məul],鼹鼠,,
monkey,[‘mʌŋki],猴子,,
chimpanzee,[tʃimpən’zi:],黑猩猩,,
gorilla,[gə’rilə],大猩猩,,
orangutan,[ɔ: ræŋu:'tæn  ɔ:ræŋ'u:tæn],猩猩,,
gibbon,[‘gibən],长臂猿,,
anteater,[‘ænt i:tə],食蚁兽,,
platypus,['plætipəs -pus],鸭嘴兽,,
kangaroo,[kængə'ru:],袋鼠,,
koala,[kəu'a:lə],考拉 树袋熊,,
hedgehog,[‘hedʒhɔg],刺猬,,
porcupine,[‘pɔ:kjupain],箭猪 豪猪,,
bat,[bæt],蝙蝠,,
whale,[hweil],鲸,,
dolphin,[‘dɔlfin],海豚,,
seal,[si:l],海豹,,
walrus,['wɔ:lrəs 'wɔl-],海象,,
phoenix,[‘fi:niks],凤凰,,
eagle,[‘i:gl],鹰,,
condor,[‘kɔndɔ:],秃鹫 秃鹰,,
hawk,[hɔ:k],鹰,,
falcon,['fælkən],猎鹰 隼,,
heron,[‘herən],鹭 苍鹭,,
kite,[kait],鸢,,
vulture,[‘vʌltʃə],秃鹫 秃鹰,,
peacock,[‘pi:kɔk],孔雀,,
duck,[dʌk],鸭,,
pelican,[‘pelikən],鹈鹕,,
cormorant,['kɔ:mərənt,鸬鹚,,
swan,[swɔn swɔ:n],天鹅,,
wild goose,[],雁 野鹅,,
pigeon,[‘pidʒin],鸽子,,
pheasant,[‘feznt],雉 野鸡,,
quail,[kweil],鹌鹑,,
ostrich,['ɔ:stritʃ 'ɔ-],鸵鸟,,
stork,[stɔ:k],鹳,,
seagull,['si:gʌl],海鸥,,
albatross,[‘ælbətrɔs],信天翁,,
kingfisher,[‘kiŋ fiʃə],翠鸟,,
woodpecker,[‘wud pekə],啄木鸟,,
parrot,[‘pærət],鹦鹉,,
cuckoo,[‘ku:ku:],杜鹃 布谷鸟,,
crow,[krəu],乌鸦,,
magpie,[‘mægpai],喜鹊,,
swallow,[‘swɔləu],燕子,,
sparrow,[‘spærəu],麻雀,,
nightingale,['naitiŋgeil -tən-],夜莺,,
canary,[kə’nεəri],金丝雀,,
starling,[‘sta:liŋ],八哥,,
thrush,[θrʌʃ],画眉,,
goldfinch,[‘gəuldfintʃ],金翅雀,,
robin,[‘rɔbin],知更鸟,,
lark,[la:k],云雀 百灵鸟,,
penguin,['peŋgwin],企鹅,,
owl,[aul],枭 猫头鹰,,
throstle,[‘θrɔsl],画眉鸟,,
snake,[sneik],蛇,,
cobra,[‘kəubrə],眼镜蛇,,
python,['paiθən -θɔn],蟒蛇 大蟒 巨蟒,,
rattlesnake,[‘rætlsneik],响尾蛇,,
lizard,[‘lizəd],蜥蜴,,
chameleon,[kə’mi:liən],变色龙,,
wall lizard,[],壁虎,,
crocodile,[‘krɔkə dail],鳄鱼,,
turtle,[‘tə:tl],龟 甲鱼；海龟,,
tortoise,[‘tɔ:təs],龟 乌龟,,
frog,[frɔg],青蛙,,
tadpole,[‘tædpəul],蝌蚪,,
toad,[təud],蟾蜍 癞蛤蟆,,
snail,[sneil],蜗牛,,
cuttlefish,[‘kʌtl fiʃ],乌贼 墨鱼,,
squid,[skwid],枪乌贼 鱿鱼,,
octopus,[‘ɔktəpəs],章鱼,,
clam,[klæm],蚌 蛤 蛤蜊,,
mussel,[‘mʌsəl],河蚌 淡菜 贻贝,,
oyster,[‘ɔistə],牡蛎 蚝,,
scallop,['skɔləp 'skæ-],扇贝,,
sea urchin,[],海胆,,
urchin,['ə:tʃin],海胆,,
goldfish,[‘gəuldfiʃ],金鱼,,
carp,[ka:p],鲤鱼,,
crucian,[‘kru:ʃən],鲫鱼,,
chub,[tʃʌb],白鮭 鲢鱼,,
eel,[i:l],鳗鱼 鳝鱼,,
herring,[‘heriŋ],青鱼 鲱鱼,,
mullet,[‘mʌlit],鲻鱼 胭脂鱼,,
perch,[pə:tʃ],鲈鱼,,
salmon,[‘sæmən],鲑鱼 大马哈鱼,,
trout,[traut],鲑鱼 鳟鱼,,
anchovy,[‘æntʃəvi],凤尾鱼 鳀鱼,,
codfish,[‘kɔd fiʃ],鳕鱼,,
sardine,[‘sa:di:n sa:’di:n],沙丁鱼,,
sailfish,[‘seilfiʃ],旗鱼,,
sea horse,[],海马,,
shark,[ʃa:k],鲨鱼,,
tunny,[‘tʌni],金枪鱼,,
prawn,[prɔ:n],对虾 明虾,,
shrimp,[ʃrimp],虾 小虾,,
crayfish,[‘krei fiʃ],小龙虾,,
lobster,[‘lɔbstə],龙虾,,
crab,[kræb],蟹,,
ant,[ænt],蚂蚁,,
termite,[‘tə:mait],白蚁,,
bee,[bi:],蜜蜂 蜂,,
honeybee,[‘hʌnibi:],蜜蜂,,
wasp,[wɔsp],黄蜂 胡蜂,,
beetle,[‘bi:tl],甲虫,,
fly,[flai],苍蝇,,
horsefly,[‘hɔ:sflai],马蝇 虻,,
flea,[fli:],跳蚤,,
louse,[laus],虱子 虱,,
spider,[‘spaidə],蜘蛛,,
mosquito,[mə’ski:təu],蚊子,,
wiggler,[‘wiglə],孑孓（蚊子的幼虫）,,
ladybug,[‘ledibʌg],瓢虫,,
firefly,[‘faiəflai],萤火虫,,
cicada,[si'ka:də -'kei-],蝉,,
dragonfly,[‘drægənflai],蜻蜓,,
cricket,[‘krikit],蟋蟀,,
locust,[‘ləukəst],蝗虫 蚂蚱,,
grasshopper,['gra:s hɔpə 'græs-],蚱蜢 蝗虫,,
mantis,[‘mæntis],螳螂,,
caterpillar,[‘kætəpilə],毛虫,,
centipede,[‘sentipi:d],蜈蚣,,
butterfly,[‘bʌtəflai],蝴蝶 蝶,,
moth,[mɔθ mɔ:θ],蛾 飞蛾,,
bug,[bʌg],臭虫 小虫,,
cockroach,['kɔkrəutʃ],蟑螂,,
scorpion,['skɔ:pjən],蝎子,,
earthworm,[‘ə:θwə:m],蚯蚓,,
fishworm,[‘fiʃwə:m],蚯蚓,,
leech,[‘li:tʃ],蚂蝗 水蛭,,
roundworm,[‘raundwə:m],蛔虫,,
actor,['æktə],男演员,,
actress,['æktris],女演员,,
singer,['siŋə],歌手 歌唱家,,
dancer,['da:nsə],舞蹈家 舞女,,
musician,[mju:'ziʃən],音乐家,,
pianist,['piænist pi'ænist],钢琴家,,
painter,['peintə],画家 油漆匠,,
teacher,[‘ti:tʃə],教师 导师,,
professor,[prəu’fesə],教授,,
headmaster,[‘hed’ma:stə],中小学校长,,
headmistress,[‘hed’mistris],中小学女校长,,
headteacher,[‘hedti:tʃə],校长,,
director,[di’rektə],导演 主任 理事,,
editor,[‘editə],编者,,
writer,[‘raitə],作家,,
reporter,[ri’pɔ:tə],记者,,
announcer,[ə’naunsə],播音员 广播员,,
journalist,[‘dʒə:nəlist],新闻工作者 新闻记者,,
worker,[‘wə:kə],工人,,
farmer,[‘fa:mə],农夫 农场主,,
fisherman,[‘fiʃəmən],渔夫,,
chemist,[‘kemist],化学家 药剂师,,
engineer,[endʒi’niə],工程师,,
explorer,[iks’plɔ:rə],探险家,,
researcher,[ri:’sə:tʃə],研究员,,
doctor,[dɔktə],医生 博士,,
nurse,[nə:s],护士 保姆,,
surgeon,[‘sə:dʒən],外科医生,,
sailor,[‘seilə],水手 海员,,
seaman,[‘si:mən],船员 水手 水兵,,
pilot,[‘pailət],飞行员 领航员,,
astronaut,['æstrənɔ:t],宇航员 航天员,,
driver,[‘draivə],驾驶员,,
athlete,[‘æθli:t],运动员,,
policeman,[pə’li:smən],警察,,
detective,[di’tektiv],侦探,,
judge,[dʒʌdʒ],法官,,
lawyer,[‘lɔ:jə],律师,,
attorney,[ə’tə:ni],律师,,
cook,[kuk],厨子厨师,,
baker,[‘beikə],面包师,,
waiter,[‘weitə],服务员 侍者,,
waitress,[‘weitris],女服务生,,
butcher,[‘butʃə],屠夫,,
clerk,[kla:k klə:k],办事员 店员 书记,,
typist,[‘taipist],打字员,,
secretary,[‘sekrətəri],秘书 书记 部长 大臣,,
salesman,[‘seilzmən],售货员 推销员,,
shopkeeper,[‘ʃɔp ki:pə],零售商 店主,,
bookseller,[‘buk selə],书商 售书员,,
tailor,[‘teilə],裁缝,,
soldier,[‘səuldʒə],军人 战士,,
postman,[‘pəustmən],邮差 邮递员,,
mailman,[‘meilmæn],邮递员,,
firefighter,['faiəfaitə],消防员,,
conductor,[kən’dʌktə],乘务员,,
librarian,[lai’brεəriən],图书管理员,,
baby-sitter,['beibi sitə],当临时保姆,,
apprentice,[ə’prentis],学徒,,
artisan,[a:ti'zæn 'a:tizən],工匠 手工业工人,,
craftsman,['krɑ:ftsmən 'kræft-],工匠 手艺人,,
specialist,[‘speʃəlist],专家 专科医生,,
employer,[im’plɔiə],雇主 老板,,
receptionist,[ri’sepʃənist],接待员,,
operator,[‘ɔpəreitə],电话接线员 经营者 操作员,,
interpreter,[in’tə:pritə],翻译员,,
photographer,[fə’tɔgrəfə],摄影师,,
playwright,[‘pleirait],剧作家,,
linguist,[‘liŋgwist],语言学家,,
botanist,[‘bɔtənist],植物学家,,
economist,[i:’kɔnəmist],经济学家,,
scientist,[‘saiəntist],科学家,,
philosopher,[fi'lɔsəfə fə-],哲学家,,
politician,[pɔli’tiʃən],政治学家 政客,,
physicist,[‘fizisist],物理学家 唯物论者,,
archaeologist,[a:ki'ɔlədʒist],考古学家,,
geologist,[dʒi’ɔlədʒist],地质学家,,
mathematician,[mæθəmə’tiʃən],数学家,,
biologist,[bai’ɔlədʒist],生物学家,,
zoologist,[zəu'ɔlədʒist zu:-],动物学家,,
statistician,[stæti'stiʃən],统计学家 统计员,,
physiologist,[fizi’ɔlədʒist],生理学家,,
futurologist,[fju:tʃə'rɔlədʒist],未来学家,,
artist,[‘a:tist],艺术家 美术家,,
composer,[kəm’pəuzə],作曲家,,
designer,[di’zainə],设计家 服装设计师,,
sculptor,[skʌlptə],雕刻家,,
model,[‘mɔdəl],模特,,
poet,[‘pəuit],诗人,,
merchant,[‘mə:tʃənt],商人,,
stewardess,['stju:ədis 'stju-],女乘务员 女服务员,,
porter,['pɔ:tə 'pəu-],守门人 行李夫 搬运工人,,
architect,[‘a:kitekt],建筑师,,
druggist,[‘drʌgist],药剂师,,
pharmacist,['f a:məsist],药剂师,,
guide,[gaid],导游 向导,,
dentist,[‘dentist],牙科医生,,
supervisor,[sju:pəvaizə],监工,,
america,[ə’merikə],美国 美洲,,
Arab,[‘ærəb],阿拉伯人,,
Australia,[ɔ’streiljə],澳洲 澳大利亚,,
Austria,[‘ɔstriə],奥地利,,
Britain,[‘britən],英国,,
Canada,[‘kænədə],加拿大,,
China,[‘tʃainə],中国,,
Egypt,[‘i:dʒipt],埃及,,
England,[‘iŋglənd],英国,,
France,[‘fra:ns],法国,,
Germany,[‘dʒə:məni],德国,,
Greece,[gri:s],希腊,,
Holland,[‘hɔlənd],荷兰,,
India,[‘indiə],印度,,
Ireland,[‘aiəland],爱尔兰,,
Italy,[‘itəli],意大利,,
Japan,[dʒə’pæn],日本,,
Spain,[spein],西班牙,,
Sweden,[‘swi:dən],瑞典,,
Swiss,[swis],瑞士人,,
Switzerland,[‘switsələnd],瑞士,,
Brazil,[brə’zil],巴西,,
Finland,[‘finlənd],芬兰,,
Norway,[‘nɔ:wei],挪威,,
Russia,[‘rʌʃə],俄罗斯,,
Belgium,[‘beldʒəm],比利时,,
Arabic,[‘ærəbik],阿拉伯语,,
Chinese,[tʃai’ni:z],中国人 汉语,,
Egyptian,[i’dʒipʃən],埃及人,,
English,[‘iŋgliʃ],英语 英国人,,
French,[frentʃ],法国人 法文,,
German,[‘dʒə:mən],德国人 德语,,
Greek,[gri:k],希腊人 希腊文,,
Irish,[‘aiəriʃ],爱尔兰人 爱尔兰语,,
Italian,[i’tæljən],意大利人 意大利语,,
Japanese,dʒæpə’ni:z],日本人 日文,,
Spanish,[‘spæniʃ],西班牙人 西班牙语,,
Dutch,[dʌtʃ],荷兰人 荷兰语,,
dollar,[‘dɔlə],美元,,
cent,[sent],分,,
quarter,[‘kwɔ:tə],二十五美分,,
buck,[bʌk],一美元,,
mark,[ma:k],马克(德国),,
pound,[paund],英镑,,
coin,[kɔin],硬币,,
bill,[bil],纸币,,
franc,[fræŋk],法郎,,
pence,[pens],便士（penny 的复数）,,
penny,[‘peni],便士,,
abyss,[ə’bis],深渊,,
continent,[‘kɔntinənt],大陆 洲,,
mountain,[‘mauntin],山 山脉,,
peak,[pi:k],山顶 巅,,
ridge,[ridʒ],山脊,,
slope,[sləup],斜坡,,
volcano,[vɔl’keinəu],火山,,
plateau,[‘plætəu],高原,,
plain,[plein],平原,,
hill,[hil],小山 山岗,,
rock,[rɔk],岩石,,
island,[‘ailənd],岛 岛屿,,
valley,[‘væli],山谷,,
bank,[bæŋk],河岸,,
current,[‘kʌrənt],水流,,
stream,[stri:m],小溪,,
source,[sɔ:s],源头,,
spring,[spriŋ],泉水,,
bed,[bed],河床,,
flood,[flʌd],洪水,,
flow,[fləu],泛滥,,
basin,[‘beisən],流域,,
canal,[kə’næl],运河,,
lake,[leik],湖泊,,
pond,[pɔnd],池塘,,
marsh,[ma:ʃ],沼泽,,
swamp,[swɔmp],沼泽,,
desert,[‘dezət],沙漠,,
forest,[‘fɔrist],森林,,
coast,[kəust],海岸,,
sea,[si:],海,,
ocean,[‘əuʃən],大洋 海洋,,
inlet,[‘inlet],小湾,,
bay,[bei],海湾 湾,,
gulf,[gʌlf],海湾,,
cliff,[klif],悬崖 峭壁,,
beach,[bi:tʃ],海滩,,
shore,[ʃɔ:],海滨 海岸,,
coral,[‘kɔ:rəl],珊瑚,,
tide,[taid],潮,,
wave,[weiv],浪,,
strait,[streit],海峡,,
waterfall,[‘wɔ:təfɔ:l],瀑布,,
cascade,[kæs’keid],小瀑布,,
brook,[bruk],小溪 小河,,
mainland,[‘meinlənd],大陆,,
prairie,[‘prεəri],大草原 牧场,,
peninsula,[pi’ninsjulə],半岛,,
iceberg,[‘aisbə:g],冰山,,
glacier,[‘glæsjə],冰川 冰河,,
mathematics,mæθə’mætiks],数学,,
arts,[a:ts],文科,,
science,[‘saiəns],理科,,
history,[‘histəri],历史,,
geometry,[dʒi’ɔmitri],几何,,
geography,[dʒi’ɔgrəfi],地理,,
geology,[dʒi’ɔlədʒi],地质学,,
biology,[bai’ɔlədʒi],生物,,
chemistry,[‘kemistri],化学,,
physics,[‘fiziks],物理,,
literature,[‘litərətʃə],文学,,
sociology,[səusi’ɔlədʒi],社会学,,
philosophy,[fi’lɔsəfi],哲学,,
psychology,[psai’kɔlədʒi],心理学,,
engineering,[endʒi’niəriŋ],工程学,,
medicine,[‘medisin],医学,,
agriculture,[‘ægrikʌltʃə],农学,,
astronomy,[ə’strɔnəmi],天文学,,
economics,[i:kə’nɔmiks],经济学,,
politics,[‘pɔlitiks],政治学,,
law,[lɔ:],法学,,
finance,[fai’næns],财政学,,
architecture,[‘a:kitektʃə],建筑学,,
able,['eibl],有能力的,,
acid,['æsid],酸的,,
angry,['æŋgri],发怒的,,
automatic,[ɔ:tə'mætik],自动的,,
beautiful,['bju:tiful],美丽的,,
boiling,['bɔiliŋ],沸腾的,,
bright,[brait],明亮的,,
broken,['brəukən],损坏的,,
cheap,[tʃi:p],便宜的,,
chief,[tʃi:f],首要的,,
clean,[kli:n],干净的,,
clear,[kliə],清澈的,,
common,['kɔmən],普通的,,
complex,['kɔmpleks],复杂的,,
conscious,['kɔnʃəs],有意识的,,
cut,[kʌt],切过的,,
deep,[di:p],深的,,
dependent,[di'pendənt],依靠的,,
elastic,[i'læstik],有弹性的,,
electric,[i'lektrik],电的,,
equal,['i:kwəl],相等的,,
fertile,['fə:tail],多产的,,
fixed,[fikst],固定的,,
flat,[flæt],平的,,
frequent,['fri:kwənt fri'kwent],频繁的 经常的,,
general,['dʒenərəl],一般的,,
great,[greit],伟大的,,
hanging,['hæŋiŋ],悬挂的,,
hard,[ha:d],硬的 困难的,,
healthy,['helθi],健康的,,
hollow,['hɔləu],空的 空心的,,
important,[im'pɔ:tənt],重要的,,
kind,[kaind],亲切的,,
living,['liviŋ],活的,,
male,[meil],男性的,,
married,['mærid],已婚的,,
material,[mə'tiəriəl],物质的,,
medical,['medikəl],医学的,,
military,['militəri],军事的,,
natural,['nætʃərəl],自然的,,
necessary,['nesisəri],必要的,,
normal,['nɔ:məl],正常的,,
parallel,['pærəlel],平行的,,
past,[pa:st pæst],过去的,,
physical,['fizikəl],身体的 物质的,,
political,[pə'litikəl],政治的,,
poor,[puə pɔ:],贫穷的 可怜的 贫乏的,,
possible,['pɔsəbl],可能的,,
present,['prezənt pri'zent],在场的 现在的,,
private,['praivit],私人的 个人的 私有的,,
probable,['prɔbəbl],很可能的,,
quick,[kwik],快的,,
quiet,['kwaiət],安静的,,
regular,['regjulə],定期的 有规律的 整齐的,,
responsible,[ri'spɔnsəbl],负责任的,,
separate,['sepəreit 'sepərit],分开的,,
serious,['siəriəs 'si:r-],严重的 严肃的,,
sharp,[ʃa:p],锋利的,,
smooth,[smu:ð],平滑的,,
sticky,['stiki],粘的,,
stiff,[stif],呆板的 僵硬的,,
straight,[streit],直的,,
strong,[strɔŋ strɔ:ŋ],强壮的 坚固的,,
sudden,['sʌdən],突然的,,
sweet,[swi:t],甜的,,
thick,[θik],厚的,,
tight,[tait],紧的,,
tired,['taiəd],疲倦的,,
TRUE,[tru:],真实的,,
violent,['vaiələnt],激烈的 暴力的,,
warm,[wɔ:m],温暖的,,
wet,[wet],湿的,,
wide,[waid],宽阔的,,
wise,[waiz],聪明的 明智的,,
young,[jʌŋ],年青的,,
awake,[ə'weik],清醒的,,
bent,[bent],弯曲的,,
bitter,['bitə],苦的,,
certain,['sə:tən],肯定的,,
complete,[kəm'pli:t],完整的,,
cruel,['kru:əl],残酷的,,
dark,['da:k],黑暗的,,
dead,[ded],死的,,
expensive,[ik'spensiv],昂贵的,,
delicate,['delikət],纤弱的 微妙的,,
different,['difərənt],不同的,,
dirty,['də:ti],脏的,,
dry,[drai],干的,,
FALSE,[fɔ:ls],假的,,
female,['fi:meil],女性的,,
foolish,['fu:liʃ],愚蠢的,,
future,['fju:tʃə],未来的,,
loose,[lu:s],松的,,
loud,[laud],大声的,,
low,[ləu],低的,,
mixed,[mikst],混合的,,
narrow,['nærəu],窄的 狭窄的,,
opposite,['ɔpəzit -sit],相反的 对面的 对立的,,
public,['pʌblik],公众的,,
rough,[rʌf],粗糙的 粗暴的,,
sad,[sæd],悲哀的,,
safe,[seif],安全的,,
secret,['si:krit],秘密的,,
short,[ʃɔ:t],短的 矮的,,
shut,[ʃʌt],关闭的,,
simple,['simpl],简单的,,
slow,[sləu],慢的,,
small,[smɔ:l],小的,,
soft,[sɔft sɔ:ft],柔软的,,
solid,['sɔlid],固体的 结实的 纯的,,
special,['speʃəl],特殊的,,
strange,[streindʒ],奇怪的,,
thin,[θin],薄的,,
weak,[wi:k],弱的,,
wrong,[rɔŋ rɔ:ŋ],错误的,,
trust,[‘trʌst],托拉斯,,
investment,[in’vestmənt],投资,,
bank,[bæŋk],银行,,
cheque,[tʃek],支票 (美作:check),,
transfer,[træns’fə:],转让 转帐 过户,,
cash,[kæʃ],现金,,
change,[tʃeindʒ],零钱,,
bill,[bil],钞票 纸币,,
saving,[‘seiviŋ],存款,,
quotation,[kwəu’teiʃən],报价单,,
share,[ʃεə],股份 股票（英）,,
bond,[bɔnd],债券,,
interest,[‘intrist],利息,,
discount,[‘diskaunt],折扣,,
insurance,[in’ʃuərəns],保险,,
mortgage,[‘mɔ:gidʒ],抵押,,
drawing,[‘drɔ:iŋ],取出存款 提款,,
allowance,[ə’lauəns],补贴 津贴,,
subsidy,[‘sʌbsidi],补贴 补助金 津贴,,
output,[‘autput],产出 产量,,
productive,[prəu’dʌktiv],生产的,,
goods,[gudz],商品 货物,,
supply,[sə’plai],供应 补给,,
input,[‘input],投入,,
productivity,[prɔdʌk'tivəti ],生产率 生产力,,
cost,[kɔst],成本 费用,,
expenditure,[iks’penditʃə],开支 支出,,
income,[‘inkʌm],收入 收益,,
earnings,[‘ə:niŋz],收入 利润 收益,,
duty,[‘dju:ti],【税收】关税,,
tax,[tæks],税,,
commerce,[‘kɔmə:s],商业 贸易,,
trade,[treid],贸易,,
import,[im’pɔ:t ‘impɔ:t],进口,,
export,[ik’spɔ:t ‘ekspɔ:t],出口,,
item,[‘aitəm],项目 细目,,
manufacturer,[mænju’fæktʃərə],制造商 制造厂,,
merchant,[‘mə:tʃənt],商人,,
consumer,[kən’sju:mə],消费者 用户,,
client,[‘klaiənt],顾客 客户,,
customer,[‘kʌstəmə],顾客 客户,,
purchase,[‘pə:tʃəs],购买,,
sale,[seil],销售,,
competition,[kɔmpi’tiʃən],竞争,,
competitive,[kəm’petitiv],竞争的,,
consumption,[kən’sʌmpʃən],消费,,
demand,[di’ma:nd],需求,,
outlet,[‘autlet],销路,,
offer,[‘ɔfə],提供 报盘 发价,,
monopoly,[mə’nɔpəli],垄断,,
forecast,[‘fɔ:ka:st],预测,,
budget,[‘bʌdʒit],预算,,
plan,[plæn],计划,,
estimate,[‘estimeit],估价,,
journal,[‘dʒə:nəl],日记 日志 日记账,,
turnover,[‘tə:n əuvə],营业额 销售额,,
deficit,[‘defisit],亏空 亏损 赤字,,
sum,[sʌm],总数 全额,,
amount,[ə’maunt],总数 总值,,
bill,[bil],汇票 (美作:check),,
receipt,[ri’si:t],收据,,
law,[lɔ:],法律,,
draft,[dra:ft],草案,,
bill,[bil],法案 议案,,
clause,[klɔ:z],条款,,
legislation,[ledʒis’leiʃən],立法,,
legal,[‘li:gəl],法律的 合法的 依法的,,
abolish,[ə’bɔliʃ],废除 废止 取消,,
prescription,[pris’kripʃən],剥夺公权,,
judge,[dʒʌdʒ],法官 审判员 判决 审理,,
jury,[‘dʒuəri],陪审团,,
lawyer,[‘lɔ:jə],律师 法律顾问,,
attorney,[ə’tə:ni],律师 代理人,,
inquiry,[in’kwaiəri],询问 调查,,
hearing,[‘hiəriŋ],审讯 审问,,
examination,[ig zæmi’neiʃən],讯问 质问,,
evidence,[‘evidəns],证据 证词,,
arrest,[ə’rest],逮捕,,
responsibility,[ri spɔnsə’biliti],责任 职责,,
liability,[laiə’biləti],责任 债务 负债,,
sue,[sju:],起诉 控告,,
action,[‘ækʃən],诉讼,,
claim,[kleim],索赔,,
complaint,[kəm’pleint],控告 申诉,,
justice,[‘dʒʌstis],法官 司法 正义,,
trial,[‘traiəl],审理 审讯 审判,,
plead,[pli:d],辩护,,
plea,[pli:],辩护 抗辩,,
proof,[pru:f],证据 证词,,
evidence,[‘evidəns],证据 证词,,
dock,[dɔk],被告席,,
sentence,[‘sentəns],宣判 判决,,
convict,[kən’vikt],囚犯 罪犯,,
appeal,[ə’pi:l],上诉,,
crime,[kraim],罪行 犯法,,
offence,[ə’fens],违法 (美作:offense),,
criminal,[‘kriminəl],罪犯,,
attempt,[ə’tempt],未遂罪,,
threat,[θret],恐吓 威胁,,
menace,[‘menəs],恐吓 威胁,,
murder,[‘mə:də],谋杀 杀人,,
plot,[plɔt],密谋 阴谋 策划,,
theft,[θeft],盗窃 偷,,
fraud,[frɔ:d],欺骗 骗子,,
penalty,[‘penəlti],罚款 罚金 处罚,,
prison,[‘prizən],监狱 (美作:jail[dʒeil]),,
prisoner,[‘prizənə],囚犯,,
gaol,[dʒeil],监狱 (美作:jail),,
fine,[fain],罚款,,
allowance,[ə’lauəns],津贴 补贴,,
lease,[li:s],租约,,
transfer,[træns’fə:],转让 过户,,
assignment,[ə’sainmənt],转让,,
file,[fail],文件,,
will,[wil],遗嘱,,
heir,[εə],继承人,,
tutor,[‘tju:tə],（未成年人）监护人,,
guardian,[‘ga:diən],监护人,,
earth,[ə:θ],地球,,
moon,[mu:n],月亮,,
sun,[sʌn],太阳,,
star,[sta:],星,,
planet,[‘plænit],行星,,
Venus,[‘vi:nəs],金星,,
Jupiter,[‘dʒu:pitə],木星,,
Mercury,[‘mə:kjuri],水星,,
Mars,[ma:z],火星,,
Saturn,[‘sætən],土星,,
Uranus,[‘juərənəs],天王星,,
Neptune,[‘neptju:n],海王星,,
Pluto,[‘plu:təu],冥王星,,
constellation,kɔnstə’leiʃən],星座,,
Taurus,['tɔ:rəs],金牛座,,
Aries,['εəri:z],白羊座,,
Cancer,['kænsə],巨蟹座,,
Gemini,['dʒeminai],双子座,,
Scorpio,['skɔ:piəu],天蝎座,,
Leo,['li:əu],狮子座,,
Libra,['laibrə 'li:-],天秤座,,
Virgo,['və:gəu],处女座,,
Aquarius,[ə'kwεəriəs],宝瓶座 水瓶座,,
Capricorn,['kæprikɔ:n],魔蝎座 山羊座,,
Sagittarius,sædʒi'tεəriəs],射手座 人马座,,
Pisces,['pisi:z; 'pai-],双鱼座,,
asteroid,[‘æstərɔid],小行星,,
comet,[‘kɔmit],彗星,,
equator,[i’kweitə],赤道,,
galaxy,[‘gæləksi],银河系,,
gravity,[‘græviti],重力,,
latitude,[‘lætitju:d],纬度,,
longitude,[‘lɔndʒitju:d],经度,,
meteor,[‘mi:tiə],流星,,
meteorite,[‘mi:tiərait],陨星,,
nebula,[‘nebjulə],星云,,
orbit,[‘ɔ:bit],轨道,,
revolution,revə’lu:ʃən],公转,,
satellite,[‘sætəlait],卫星,,
solar system,[‘səulə’sistim],太阳系,,
shooting star,[],流星,,
space,[speis],太空,,
spaceship,[‘speisʃip],宇宙飞船,,
sphere,[sfiə],天球 球体,,
author,[‘ɔ:θə],作者,,
essay,[‘esei],随笔,,
reportage,repɔ:’tɑ:ʒ],报告文学,,
criticism,[‘kriti sizəm],评论,,
anthology,[æn’θɔlədʒi],选集,,
edition,[i’diʃən],版本,,
work,[wə:k],作品,,
masterpiece,[‘ma:stəpi:s],杰作,,
copyright,[‘kɔpi rait],版权 著作权,,
humanities,[hju:'mænitiz],人文学科,,
writer,[‘raitə],作家,,
volume,[‘vɔlju:m],卷,,
theatre,[‘θiətə],戏剧,,
drama,[‘dra:mə],戏剧 话剧 剧本,,
comedy,[‘kɔmidi],喜剧,,
tragedy,[‘trædʒidi],悲剧,,
farce,[fa:s],滑稽剧,,
play,[plei],剧本,,
playwright,[‘pleirait],编剧 剧作家,,
performance,[pə’fɔ:məns],演出,,
act,[ækt],幕,,
scene,[si:n],场 情景,,
plot,[plɔt],情节,,
intrigue,[in’tri:g],错综复杂的剧情,,
story,[‘stɔ:ri],故事,,
episode,[‘episəud],插曲 一段情节,,
denouement,[deinu:'mɔŋ],终场 结局,,
poetry,[‘pəuitri],诗歌,,
poet,[‘pəuit],诗人,,
poem,[‘pəuim],诗,,
ode,[əud],颂歌,,
sonnet,[‘sɔnit],十四行诗,,
verse,[və:s],(诗)节,,
line,[lain],(诗)行,,
rhyme,[raim],韵脚 押韵,,
metrics,[‘metriks],韵律学 格律学,,
prose,[prəuz],散文,,
novel,[‘nɔvəl],小说,,
biography,[bai’ɔgrəfi],传记 传记文学,,
allegory,[‘æligəri],寓言,,
science fiction,[‘fikʃən],科幻科学 幻想小说,,
satire,[‘sætaiə],讽刺文学,,
essay,[‘esei],散文 杂文,,
composition,[kɔmpə’ziʃən],作文 学术著作,,
rhetoric,[‘retərik],修辞学,,
oratory,[‘ɔrətəri],讲演术,,
declamation,[deklə’meiʃən],朗诵 朗诵技巧,,
improvisation,imprəvai’zeiʃən][,即席讲演,,
criticism,[‘kriti sizəm],批判主义,,
critic,[‘kritik],批评家 评论家,,
eloquence,[‘eləkwəns],文才 口才,,
lyricism,[‘lirisizəm],抒情性,,
gallery,[‘gæləri],画廊 美术馆,,
salon,[‘sælɔ:n],沙龙,,
exhibition,[eksi’biʃən],展览,,
collection,[kə’lekʃən],收藏,,
inspiration,[inspə’reiʃən],灵感 启发,,
artist,[‘a:tist],大师 艺术家,,
pigment,[‘pigmənt],颜料,,
painter,[‘peintə],画家,,
oil painting,[],油画,,
watercolor,['wɔ:tə kʌlə 'wɔ-],水彩画,,
wash,[wɔʃ],水墨画,,
engraving,[in’greiviŋ],版画,,
tracing,[‘treisiŋ],临摹,,
sketch,[sketʃ],素描 草稿,,
portrait,[‘pɔ:trit],肖像 人像 画像,,
model,[‘mɔdəl],模特,,
caricature,[‘kærikətjuə -tʃə],漫画,,
nude,[nju:d],裸体画,,
profile,[‘prəufail],轮廓,,
landscape,[‘lændskeip],风景画 山水画,,
seascape,[‘si: skeip],海景画,,
frame,[freim],画框,,
chassis,[‘ʃæsi],画布绷架,,
canvas,[‘kænvəs],画布,,
studio,[‘stju:diəu],画室,,
pinacotheca,[pinəkəu’θi:kə],画廊 美术馆,,
sculptor,[skʌlptə],雕塑学 (男)雕塑家 (男)雕刻家,,
carving,[‘ka:viŋ],雕刻,,
statue,[‘stætju:],雕像 塑像 铸像,,
figure,[‘figə],塑像,,
bronze,[brɔnz],铜像,,
alto,[‘æltəu],女低音,,
anthem,[‘ænθəm],圣歌 赞美诗,,
baritone,[‘bæritəun],男中音,,
bass,[beis],男低音 贝司,,
bassoon,[bə'su:n],低音管,,
brass,[bra:s],铜管乐器,,
classical,['klæsikəl],古典音乐,,
classical music,[],古典音乐,,
conductor,[kən’dʌktə],指挥,,
flute,[flu:t],长笛,,
harmonica,[hɑ:’mɔnikə],口琴,,
jazz,[dʒæz],爵士乐,,
opera,[‘ɔpərə],歌剧,,
orchestra,[‘ɔ:kistrə],管弦乐队,,
rhapsody,[‘ræpsədi],狂想曲,,
solo,[‘səuləu],独奏 独唱,,
soloist,[‘səuləuist],独唱者,,
soprano,[sə'prɑ:nəu -'præ-],女高音,,
symphony,[‘simfəni],交响乐,,
tenor,[‘tenə],男高音,,
pop,[pɔp],流行歌曲,,
rock,[rɔk],摇滚乐,,
colony,[‘kɔləni],殖民地,,
democracy,[di’mɔkrəsi],民主主义 民主政治,,
dynasty,[‘dinəsti],朝代 王朝,,
extinction,[ik’stiŋkʃən],消灭,,
feudalism,['fju:dəlizəm],封建制度 封建主义,,
administration,[əd mini’streiʃən],行政,,
aggression,[ə’greʃən],侵略,,
ambassador,[æm’bæsədə],大使,,
anarchy,[‘ænəki],无政府状态,,
announcement,[ə’naunsmənt],公告,,
aristocracy,æri’stɔkrəsi],贵族 贵族统治,,
autonomy,[ɔ:’tɔnəmi],自治,,
ballot,[‘bælət],选票,,
bill,[bil],法案,,
bloodshed,[‘blʌdʃed],流血 屠杀,,
bureaucracy,[bjuə’rɔkrəsi],官僚主义 官僚政治,,
candidate,['kændideit -dət],候选人 候补人,,
cession,[‘seʃən],割让（土地）,,
commotion,[kə’məuʃən],骚动 暴乱,,
community,[kə’mju:niti],社区,,
compact,[kəm'pækt 'kɔmpækt],合同 契约,,
congress,['kɔŋgres kən'gres],国会,,
congressman,[‘kɔŋgresmən],国会议员,,
conspiracy,[kən’spirəsi],阴谋,,
conspirator,[kən’spirətə],阴谋者 同谋者,,
constitution,[kɔnsti’tju:ʃən],宪法,,
consul,[‘kɔnsəl],领事,,
convention,[kən’venʃən],惯例,,
cooperation,[kəu ɔpə’reiʃən],合作,,
custom,[‘kʌstəm],习惯 风俗 海关,,
delegate,['deligət -geit 'deligeit],代表,,
delegation,[deli’geiʃən],代表团,,
demonstration,[demən’streiʃən],示威 示威游行,,
deposition,[depə’ziʃən],革职 免职,,
despot,[‘despɔt],暴君,,
dictator,[dik’teitə],独裁者,,
dictatorship,[dik’teitəʃip],专政 独裁政权,,
diplomacy,[di’pləuməsi],外交,,
diplomat,[‘dipləmæt],外交官,,
discrimination,[dis krimi’neiʃən],岐视,,
dominion,[də’minjən],领土 主权 统治,,
embassy,[‘embəsi],大使馆,,
emperor,[‘empərə],皇帝,,
empire,[‘empaiə],帝国,,
ferment,[‘fə:ment],动乱,,
government,[‘gʌvənmənt],政府 内阁,,
governor,[‘gʌvənə],总督 统治者,,
hegemony,[hi'geməni hi'dʒem-],霸权,,
ideology,[aidi’ɔlədʒi],意识形态,,
kingdom,[‘kiŋdəm],王国,,
legion,[‘li:dʒən],军团,,
monarch,[‘mɔnək],帝王,,
monarchy,[‘mɔnəki],君主制 君主政体,,
motion,[‘məuʃən],动议,,
movement,[‘mu:vmənt],运动,,
nationality,[næʃən’æliti],国籍,,
oligarchy,[‘ɔliga:ki],寡头政治,,
pact,[pækt],协定 条约,,
petition,[pi’tiʃən],请愿,,
philanthropy,[fi’lænθrəpi],博爱 仁慈,,
policy,[‘pɔlisi],政策 方针,,
poll,[pəul],民意测验,,
prejudice,[‘predʒudis],偏见,,
proposition,[prɔpə’ziʃən],建议,,
rebel,[‘rebəl ri’bel],反叛者 叛乱者,,
rebellion,[ri’beljən],叛乱,,
regime,[rei’ʒi:m],政权,,
republic,[ri’pʌblik],共和国,,
revolution,[revə'lu:ʃən],革命,,
slogan,[‘sləugən],口号 标语,,
sovereignty,['sɔvrənti 'sʌv-],主权 独立国,,
spokesman,[‘spəuksmən],发言人 代表者,,
statesman,[‘steitsmən],政治家,,
treaty,[‘tri:ti],条约,,
tumult,[‘tju:mʌlt],骚动,,
turbulence,[‘tə:bjuləns],骚动,,
turmoil,[‘tə:mɔil],骚动 混乱,,
tyranny,[‘tirəni],暴政,,
tyrant,[‘tairənt],暴君,,
upheaval,[ʌp’hi:vəl],巨变 动乱,,
uprising,[‘ʌp raiziŋ],起义,,
usurper,[ju:’zə:pə],篡位者 篡夺者,,
usurpation,ju:zə:'peiʃən],篡夺 篡权,,
vote,[vəut],投票 选举,,
Byzantine,[bi’zæntain],拜占庭式,,
Romanesque,[rəumə’nesk],罗马式,,
Gothic,[‘gɔθik],哥特式,,
Baroque,[bə’rɔk],巴洛克式,,
classicism,[‘klæsisizəm],古典主义 古典风格,,
romanticism,[rəu’mæntisizəm],浪漫主义,,
realism,[‘riəlizəm 'ri:-],现实主义,,
symbolism,[‘simbəlizəm],象征主义,,
impressionism,[im’preʃənizəm],印象主义,,
expressionism,[ik'spreʃənizəm],表现主义,,
fauvism,[‘fəuvizəm],野兽派,,
abstract art,[],抽象派 抽象主义,,
cubism,[‘kju:bizəm],立体派 立体主义,,
naturalism,[‘nætʃərəlizəm],自然主义,,
existentialism,[egzis'tenʃəlizəm],存在主义,,
futurism,[‘fju:tʃərizəm],未来主义,,field,,字段,Track 01 P001-012.mp3,19.7
float,,浮点数,Track 01 P001-012.mp3,24.42
kin,,金,Track 01 P001-012.mp3,31.46
life,,生活,Track 01 P001-012.mp3,40.48
side,,侧面,Track 01 P001-012.mp3,47.78
sleep,,睡觉,Track 01 P001-012.mp3,51.48
way,,方式,Track 01 P001-012.mp3,55.14
base,,基础,Track 01 P001-012.mp3,58.66
fresh,,新鲜,Track 01 P001-012.mp3,62.0
lone,,孤独的,Track 01 P001-012.mp3,71.5
mass,,质量,Track 01 P001-012.mp3,79.54
rise,,上升,Track 01 P001-012.mp3,81.58
weight,,重量,Track 01 P001-012.mp3,85.7
weight,,重量,Track 01 P001-012.mp3,87.78
wear,,穿,Track 01 P001-012.mp3,92.48
ent,,实体,Track 01 P001-012.mp3,94.9
ric,,里克,Track 01 P001-012.mp3,97.7
historical,,历史的,Track 01 P001-012.mp3,101.38
moral,,道德,Track 01 P001-012.mp3,106.0
path,,路径,Track 01 P001-012.mp3,110.2
periodic,,周期性的,Track 01 P001-012.mp3,114.08
sexual,,性,Track 01 P001-012.mp3,123.44
social,,社会,Track 01 P001-012.mp3,127.72
symmetry,,对称性,Track 01 P001-012.mp3,132.06
typical,,典型的,Track 01 P001-012.mp3,135.92
abnormal,,异常,Track 01 P001-012.mp3,141.76
abnormal,,异常,Track 01 P001-012.mp3,144.5
absent,,缺席的,Track 01 P001-012.mp3,144.98
abst,,弃权,Track 01 P001-012.mp3,150.48
ain,,艾因,Track 01 P001-012.mp3,150.8
abst,,弃权,Track 01 P001-012.mp3,154.14
ence,,恩斯,Track 01 P001-012.mp3,154.54
uce,,尤斯,Track 01 P001-012.mp3,157.86
use,,使用,Track 01 P001-012.mp3,160.52
use,,使用,Track 01 P001-012.mp3,165.54
use,,使用,Track 01 P001-012.mp3,167.14
icate,,icate,Track 01 P001-012.mp3,169.22
use,,使用,Track 01 P001-012.mp3,176.24
object,,对象,Track 01 P001-012.mp3,176.72
ern,,埃尔恩,Track 01 P001-012.mp3,182.1
braid,,辫子,Track 01 P001-012.mp3,185.16
ason,,阿森,Track 01 P001-012.mp3,186.48
brigade,,旅/支队,Track 01 P001-012.mp3,187.84
abrupt,,突然的,Track 01 P001-012.mp3,193.48
use,,使用,Track 01 P001-012.mp3,197.18
use,,使用,Track 01 P001-012.mp3,201.2
abstract,,摘要,Track 01 P001-012.mp3,203.52
use,,使用,Track 01 P001-012.mp3,210.48
brigade,,旅/支队,Track 01 P001-012.mp3,212.52
accelerate,,加速,Track 01 P001-012.mp3,214.7
add,,添加,Track 01 P001-012.mp3,217.28
accent,,口音,Track 01 P001-012.mp3,218.1
uate,,瓦特,Track 01 P001-012.mp3,220.02
company,,公司,Track 01 P001-012.mp3,222.48
ulate,,ulate,Track 01 P001-012.mp3,227.54
ulate,,ulate,Track 01 P001-012.mp3,231.26
affili,,关联,Track 01 P001-012.mp3,231.26
ation,,行动,Track 01 P001-012.mp3,231.26
omer,,奥默尔,Track 01 P001-012.mp3,235.8
ate,,吃了,Track 01 P001-012.mp3,235.96
grand,,宏伟的,Track 01 P001-012.mp3,240.3
ise,,伊塞,Track 01 P001-012.mp3,240.62
gro,,格罗,Track 01 P001-012.mp3,241.9
vate,,瓦特,Track 01 P001-012.mp3,244.34
vate,,瓦特,Track 01 P001-012.mp3,245.6
peace,,和平,Track 01 P001-012.mp3,252.1
ours,,我们的,Track 01 P001-012.mp3,255.9
hang,,悬挂,Track 01 P001-012.mp3,257.34
point,,点,Track 01 P001-012.mp3,259.4
pre,,预先,Track 01 P001-012.mp3,260.7
ate,,吃了,Track 01 P001-012.mp3,263.48
ian,,伊恩,Track 01 P001-012.mp3,264.46
hang,,悬挂,Track 01 P001-012.mp3,264.74
range,,范围,Track 01 P001-012.mp3,266.84
rest,,休息,Track 01 P001-012.mp3,270.64
fen,,分,Track 01 P001-012.mp3,279.32
assim,,这样,Track 01 P001-012.mp3,280.74
ilate,,我爱她,Track 01 P001-012.mp3,282.08
cyst,,囊肿,Track 01 P001-012.mp3,286.64
angle,,角度,Track 01 P001-012.mp3,287.9
sure,,当然,Track 01 P001-012.mp3,294.2
sure,,当然,Track 01 P001-012.mp3,294.94
attach,,附加,Track 01 P001-012.mp3,298.08
ang,,安格,Track 01 P001-012.mp3,299.82
ian,,伊恩,Track 01 P001-012.mp3,300.44
tame,,驯服,Track 01 P001-012.mp3,302.32
orde,,秩序,Track 01 P001-012.mp3,304.4
test,,测试一下,Track 01 P001-012.mp3,305.5
ess,,本质,Track 01 P001-012.mp3,307.88
attract,,吸引,Track 01 P001-012.mp3,308.92
adapt,,适应,Track 01 P001-012.mp3,315.02
add,,添加,Track 01 P001-012.mp3,318.32
ict,,信息与通信技术,Track 01 P001-012.mp3,318.92
use,,使用,Track 01 P001-012.mp3,322.8
add,,添加,Track 01 P001-012.mp3,326.06
ict,,信息与通信技术,Track 01 P001-012.mp3,327.18
here,,这里,Track 01 P001-012.mp3,330.72
jac,,杰克,Track 01 P001-012.mp3,335.02
ent,,实体,Track 01 P001-012.mp3,335.34
just,,只是,Track 01 P001-012.mp3,338.84
minist,,部长,Track 01 P001-012.mp3,342.5
rate,,比率,Track 01 P001-012.mp3,342.8
ire,,艾尔,Track 01 P001-012.mp3,347.18
mon,,我的,Track 01 P001-012.mp3,350.4
ish,,伊什,Track 01 P001-012.mp3,350.72
opt,,选择,Track 01 P001-012.mp3,354.64
amb,,安布,Track 01 P001-012.mp3,359.04
rate,,比率,Track 01 P001-012.mp3,359.3
vent,,通风,Track 01 P001-012.mp3,362.58
vent,,通风,Track 01 P001-012.mp3,366.12
ure,,尿液,Track 01 P001-012.mp3,366.42
est,,是的,Track 01 P001-012.mp3,373.24
hetic,,hetic,Track 01 P001-012.mp3,373.5
ism,,主义,Track 01 P001-012.mp3,377.46
onic,,奥尼克,Track 01 P001-012.mp3,381.52
est,,是的,Track 01 P001-012.mp3,385.38
hesia,,hesia,Track 01 P001-012.mp3,385.72
har,,哈尔,Track 01 P001-012.mp3,389.36
mon,,我的,Track 01 P001-012.mp3,389.56
onymous,,onymous,Track 01 P001-012.mp3,393.44
ate,,吃了,Track 01 P001-012.mp3,401.24
ate,,吃了,Track 01 P001-012.mp3,404.88
ounce,,盎司,Track 01 P001-012.mp3,407.98
iti,,伊蒂,Track 01 P001-012.mp3,414.96
ate,,吃了,Track 01 P001-012.mp3,415.22
antagon,,antagon,Track 01 P001-012.mp3,421.34
ism,,主义,Track 01 P001-012.mp3,421.72
toxic,,有毒的,Track 01 P001-012.mp3,425.1
iac,,国际汽车联合会,Track 01 P001-012.mp3,429.0
raft,,漂流,Track 01 P001-012.mp3,429.18
acter,,角色,Track 01 P001-012.mp3,433.44
ial,,我爱,Track 01 P001-012.mp3,433.74
ody,,奥迪,Track 01 P001-012.mp3,437.42
clockwise,,顺时针,Track 01 P001-012.mp3,440.94
ote,,奥特,Track 01 P001-012.mp3,445.94
athy,,阿西,Track 01 P001-012.mp3,449.74
social,,社会,Track 01 P001-012.mp3,453.34
rust,,锈迹,Track 01 P001-012.mp3,461.38
war,,战争,Track 01 P001-012.mp3,465.74
onym,,onym,Track 01 P001-012.mp3,469.28
athy,,阿西,Track 01 P001-012.mp3,482.26
war,,战争,Track 01 P001-012.mp3,493.82
athy,,阿西,Track 01 P001-012.mp3,494.54
athy,,阿西,Track 01 P001-012.mp3,495.48
athy,,阿西,Track 01 P001-012.mp3,496.18
hind,,后,Track 01 P001-012.mp3,514.64
beneath,,在……之下,Track 01 P001-012.mp3,521.86
beside,,旁边,Track 01 P001-012.mp3,526.24
flower,,花,Track 01 P001-012.mp3,535.5
behold,,看哪,Track 01 P001-012.mp3,540.68
lie,,谎言,Track 01 P001-012.mp3,543.6
powder,,粉末,Track 01 P001-012.mp3,547.04
annual,,年度的,Track 01 P001-012.mp3,553.98
enary,,enary,Track 01 P001-012.mp3,558.44
color,,颜色,Track 01 P001-012.mp3,562.52
cycle,,周期,Track 01 P001-012.mp3,566.14
annual,,年度的,Track 01 P001-012.mp3,569.84
big,,大,Track 01 P001-012.mp3,572.98
used,,使用的,Track 01 P001-012.mp3,573.94
lateral,,侧向的,Track 01 P001-012.mp3,577.3
ling,,灵,Track 01 P001-012.mp3,581.1
ual,,乌阿尔,Track 01 P001-012.mp3,581.4
ben,,本,Track 01 P001-012.mp3,584.18
ulars,,乌拉,Track 01 P001-012.mp3,585.2
pet,,宠物,Track 01 P001-012.mp3,589.72
sect,,教派,Track 01 P001-012.mp3,593.62
sexual,,性,Track 01 P001-012.mp3,597.84
weekly,,每周的,Track 01 P001-012.mp3,601.76
gone,,走了,Track 01 P001-012.mp3,608.8
pass,,通过,Track 01 P001-012.mp3,621.12
product,,产品,Track 01 P001-012.mp3,624.92
road,,道路,Track 01 P001-012.mp3,628.9
standard,,标准,Track 01 P001-012.mp3,632.34
way,,方式,Track 01 P001-012.mp3,636.12
word,,单词,Track 01 P001-012.mp3,639.48
cir,,西尔,Track 01 P001-012.mp3,650.27
ize,,尺寸,Track 01 P001-012.mp3,651.1
con,,困惑,Track 01 P001-012.mp3,654.68
ference,,会议,Track 01 P001-012.mp3,654.84
con,,困惑,Track 01 P001-012.mp3,658.54
ference,,会议,Track 01 P001-012.mp3,658.76
com,,.com,Track 01 P001-012.mp3,662.68
plic,,普利克,Track 01 P001-012.mp3,662.94
ution,,溶液,Track 01 P001-012.mp3,663.02
con,,困惑,Track 01 P001-012.mp3,667.62
navigate,,导航,Track 01 P001-012.mp3,667.78
con,,困惑,Track 01 P001-012.mp3,672.26
scri,,斯克里,Track 01 P001-012.mp3,672.4
con,,困惑,Track 01 P001-012.mp3,675.86
spec,,规格,Track 01 P001-012.mp3,676.02
con,,困惑,Track 01 P001-012.mp3,680.14
ference,,会议,Track 01 P001-012.mp3,680.28
con,,困惑,Track 01 P001-012.mp3,684.7
vent,,通风,Track 01 P001-012.mp3,684.86
con,,困惑,Track 01 P001-012.mp3,691.8
con,,困惑,Track 01 P001-012.mp3,694.18
ference,,会议,Track 01 P001-012.mp3,694.18
con,,困惑,Track 01 P001-012.mp3,701.84
con,,困惑,Track 01 P001-012.mp3,703.44
ference,,会议,Track 01 P001-012.mp3,703.44
con,,困惑,Track 01 P001-012.mp3,704.0
ference,,会议,Track 01 P001-012.mp3,704.0
con,,困惑,Track 01 P001-012.mp3,704.1
ference,,会议,Track 01 P001-012.mp3,704.1
con,,困惑,Track 01 P001-012.mp3,705.26
ference,,会议,Track 01 P001-012.mp3,705.26
con,,困惑,Track 01 P001-012.mp3,707.22
ference,,会议,Track 01 P001-012.mp3,707.22
habit,,习惯,Track 01 P001-012.mp3,713.5
here,,这里,Track 01 P001-012.mp3,716.76
collaborate,,协作,Track 01 P001-012.mp3,721.38
coll,,碰撞,Track 01 P001-012.mp3,724.89
ate,,吃了,Track 01 P001-012.mp3,725.28
collateral,,抵押品,Track 01 P001-012.mp3,728.42
collect,,收集,Track 01 P001-012.mp3,731.52
coll,,碰撞,Track 01 P001-012.mp3,735.69
ect,,外部,Track 01 P001-012.mp3,736.08
ate,,吃了,Track 01 P001-012.mp3,736.26
call,,打电话,Track 01 P001-012.mp3,736.72
ate,,吃了,Track 01 P001-012.mp3,737.3
coll,,碰撞,Track 01 P001-012.mp3,740.82
ect,,外部,Track 01 P001-012.mp3,741.58
ual,,乌阿尔,Track 01 P001-012.mp3,741.78
oper,,操作,Track 01 P001-012.mp3,745.44
ate,,吃了,Track 01 P001-012.mp3,745.64
ign,,忽略,Track 01 P001-012.mp3,749.22
com,,.com,Track 01 P001-012.mp3,760.16
par,,由,Track 01 P001-012.mp3,761.68
ison,,异构体,Track 01 P001-012.mp3,762.02
com,,.com,Track 01 P001-012.mp3,764.7
pass,,通过,Track 01 P001-012.mp3,765.46
ion,,离子,Track 01 P001-012.mp3,765.88
com,,.com,Track 01 P001-012.mp3,768.54
pat,,拍拍,Track 01 P001-012.mp3,769.26
ate,,吃了,Track 01 P001-012.mp3,769.82
comp,,竞争,Track 01 P001-012.mp3,772.32
onent,,onent,Track 01 P001-012.mp3,773.04
con,,困惑,Track 01 P001-012.mp3,775.94
centric,,以……为中心的,Track 01 P001-012.mp3,776.64
con,,困惑,Track 01 P001-012.mp3,779.92
ord,,命令,Track 01 P001-012.mp3,780.88
con,,困惑,Track 01 P001-012.mp3,785.94
con,,困惑,Track 01 P001-012.mp3,789.86
ict,,信息与通信技术,Track 01 P001-012.mp3,790.86
con,,困惑,Track 01 P001-012.mp3,793.24
luence,,鲁伦斯,Track 01 P001-012.mp3,794.2
con,,困惑,Track 01 P001-012.mp3,796.68
front,,前面,Track 01 P001-012.mp3,797.58
connect,,连接,Track 01 P001-012.mp3,801.08
cons,,缺点,Track 01 P001-012.mp3,805.1
ist,,是,Track 01 P001-012.mp3,806.0
cons,,缺点,Track 01 P001-012.mp3,809.64
cons,,缺点,Track 01 P001-012.mp3,813.84
ire,,艾尔,Track 01 P001-012.mp3,814.72
cont,,继续,Track 01 P001-012.mp3,817.34
empor,,清空,Track 01 P001-012.mp3,818.0
ary,,ary,Track 01 P001-012.mp3,818.54
cor,,核心,Track 01 P001-012.mp3,821.44
rel,,关系,Track 01 P001-012.mp3,822.14
ate,,吃了,Track 01 P001-012.mp3,822.32
cor,,核心,Track 01 P001-012.mp3,823.18
rel,,关系,Track 01 P001-012.mp3,823.62
ate,,吃了,Track 01 P001-012.mp3,823.86
cor,,核心,Track 01 P001-012.mp3,826.76
respond,,回复,Track 01 P001-012.mp3,827.64
com,,.com,Track 01 P001-012.mp3,831.04
pat,,拍拍,Track 01 P001-012.mp3,831.6
comfort,,舒适,Track 01 P001-012.mp3,834.32
com,,.com,Track 01 P001-012.mp3,837.3
oration,,演讲,Track 01 P001-012.mp3,838.38
com,,.com,Track 01 P001-012.mp3,841.08
ment,,精神,Track 01 P001-012.mp3,841.96
comm,,社区,Track 01 P001-012.mp3,844.34
otion,,动议,Track 01 P001-012.mp3,845.22
comp,,竞争,Track 01 P001-012.mp3,848.02
comp,,竞争,Track 01 P001-012.mp3,850.56
ouch,,哎哟,Track 01 P001-012.mp3,852.56
com,,.com,Track 01 P001-012.mp3,854.58
plete,,完整的,Track 01 P001-012.mp3,856.34
com,,.com,Track 01 P001-012.mp3,859.38
ent,,实体,Track 01 P001-012.mp3,860.4
com,,.com,Track 01 P001-012.mp3,863.46
plete,,完整的,Track 01 P001-012.mp3,864.2
com,,.com,Track 01 P001-012.mp3,867.02
preh,,前缀,Track 01 P001-012.mp3,867.92
end,,结束,Track 01 P001-012.mp3,868.26
com,,.com,Track 01 P001-012.mp3,872.02
press,,按下,Track 01 P001-012.mp3,872.62
con,,困惑,Track 01 P001-012.mp3,875.34
cept,,cept,Track 01 P001-012.mp3,876.32
con,,困惑,Track 01 P001-012.mp3,878.14
ise,,伊塞,Track 01 P001-012.mp3,880.06
con,,困惑,Track 01 P001-012.mp3,882.18
lude,,游戏,Track 01 P001-012.mp3,883.94
con,,困惑,Track 01 P001-012.mp3,886.34
ance,,祖先,Track 01 P001-012.mp3,887.62
conduct,,进行,Track 01 P001-012.mp3,891.92
conf,,配置,Track 01 P001-012.mp3,895.34
ident,,标识符,Track 01 P001-012.mp3,896.7
con,,困惑,Track 01 P001-012.mp3,899.34
con,,困惑,Track 01 P001-012.mp3,903.24
greg,,格雷格,Track 01 P001-012.mp3,904.08
ate,,吃了,Track 01 P001-012.mp3,904.28
cor,,核心,Track 01 P001-012.mp3,907.14
rect,,矩形,Track 01 P001-012.mp3,907.56
cor,,核心,Track 01 P001-012.mp3,911.3
bor,,硼,Track 01 P001-012.mp3,912.16
ate,,吃了,Track 01 P001-012.mp3,912.24
cor,,核心,Track 01 P001-012.mp3,916.2
ros,,玫瑰,Track 01 P001-012.mp3,916.78
ion,,离子,Track 01 P001-012.mp3,917.16
cor,,核心,Track 01 P001-012.mp3,919.98
rupt,,破裂,Track 01 P001-012.mp3,920.4
cont,,继续,Track 01 P001-012.mp3,927.16
band,,乐队,Track 01 P001-012.mp3,928.1
cont,,继续,Track 01 P001-012.mp3,930.68
rad,,辐条,Track 01 P001-012.mp3,931.44
ict,,信息与通信技术,Track 01 P001-012.mp3,931.68
cont,,继续,Track 01 P001-012.mp3,934.82
flo,,弗洛,Track 01 P001-012.mp3,935.86
cont,,继续,Track 01 P001-012.mp3,938.96
ary,,艾瑞,Track 01 P001-012.mp3,940.04
cont,,继续,Track 01 P001-012.mp3,942.7
counter,,柜台,Track 01 P001-012.mp3,950.34
counter,,柜台,Track 01 P001-012.mp3,954.6
attack,,攻击,Track 01 P001-012.mp3,955.36
counter,,柜台,Track 01 P001-012.mp3,959.02
balance,,平衡,Track 01 P001-012.mp3,959.86
counter,,柜台,Track 01 P001-012.mp3,963.66
clockwise,,顺时针,Track 01 P001-012.mp3,964.46
counter,,柜台,Track 01 P001-012.mp3,968.06
counter,,柜台,Track 01 P001-012.mp3,971.64
draw,,抽签,Track 01 P001-012.mp3,972.48
counter,,柜台,Track 01 P001-012.mp3,975.22
part,,部分,Track 01 P001-012.mp3,976.06
counter,,柜台,Track 01 P001-012.mp3,981.3
produ,,产品,Track 01 P001-012.mp3,982.14
ctive,,活跃的,Track 01 P001-012.mp3,982.56
dec,,十二月,Track 01 P001-012.mp3,989.52
dec,,十二月,Track 01 P001-012.mp3,992.7
olor,,气味,Track 01 P001-012.mp3,993.62
dec,,十二月,Track 01 P001-012.mp3,996.74
ont,,翁特,Track 01 P001-012.mp3,997.22
rol,,滚动,Track 01 P001-012.mp3,997.54
def,,定义,Track 01 P001-012.mp3,1000.74
ace,,王牌,Track 01 P001-012.mp3,1001.66
def,,定义,Track 01 P001-012.mp3,1004.3
ame,,阿梅,Track 01 P001-012.mp3,1005.22
fore,,前面,Track 01 P001-012.mp3,1008.9
dehyd,,脱水,Track 01 P001-012.mp3,1012.46
rate,,比率,Track 01 P001-012.mp3,1013.38
des,,德斯,Track 01 P001-012.mp3,1016.1
ault,,奥尔特,Track 01 P001-012.mp3,1016.94
deactiv,,停用,Track 01 P001-012.mp3,1021.14
ate,,吃了,Track 01 P001-012.mp3,1021.98
decentral,,分散,Track 01 P001-012.mp3,1026.44
ize,,尺寸,Track 01 P001-012.mp3,1027.28
decomp,,分解,Track 01 P001-012.mp3,1031.42
ose,,奥塞,Track 01 P001-012.mp3,1032.68
dem,,民主,Track 01 P001-012.mp3,1035.86
aterial,,材料,Track 01 P001-012.mp3,1036.7
ize,,尺寸,Track 01 P001-012.mp3,1037.12
dem,,民主,Track 01 P001-012.mp3,1040.8
itar,,itar,Track 01 P001-012.mp3,1041.92
ize,,尺寸,Track 01 P001-012.mp3,1042.14
dem,,民主,Track 01 P001-012.mp3,1045.62
obil,,欧比尔,Track 01 P001-012.mp3,1046.42
ize,,尺寸,Track 01 P001-012.mp3,1046.78
dem,,民主,Track 01 P001-012.mp3,1049.76
ational,,国家的,Track 01 P001-012.mp3,1050.5
ize,,尺寸,Track 01 P001-012.mp3,1051.02
destruction,,破坏,Track 01 P001-012.mp3,1055.54
dec,,十二月,Track 01 P001-012.mp3,1058.52
eler,,埃勒尔,Track 01 P001-012.mp3,1059.32
ate,,吃了,Track 01 P001-012.mp3,1059.7
class,,类,Track 01 P001-012.mp3,1063.36
dep,,依赖,Track 01 P001-012.mp3,1067.46
ulation,,波动,Track 01 P001-012.mp3,1068.48
depress,,按压,Track 01 P001-012.mp3,1072.5
dev,,开发,Track 01 P001-012.mp3,1075.72
der,,那个,Track 01 P001-012.mp3,1083.42
ail,,艾尔,Track 01 P001-012.mp3,1084.26
rone,,罗恩,Track 01 P001-012.mp3,1089.4
deb,,德布,Track 01 P001-012.mp3,1095.76
dec,,十二月,Track 01 P001-012.mp3,1099.28
laim,,莱姆,Track 01 P001-012.mp3,1099.28
declare,,声明,Track 01 P001-012.mp3,1104.98
fin,,结束,Track 01 P001-012.mp3,1109.84
ition,,迭代,Track 01 P001-012.mp3,1110.08
lim,,极限,Track 01 P001-012.mp3,1114.58
ite,,它,Track 01 P001-012.mp3,1114.86
delineate,,划定,Track 02 P013-022.mp3,2.12
miao,,苗,Track 02 P013-022.mp3,3.52
hui,,辉,Track 02 P013-022.mp3,3.96
shi,,石,Track 02 P013-022.mp3,6.72
luo,,洛,Track 02 P013-022.mp3,7.38
depicked,,描绘,Track 02 P013-022.mp3,9.44
miao,,苗,Track 02 P013-022.mp3,10.5
hui,,辉,Track 02 P013-022.mp3,11.4
design,,设计,Track 02 P013-022.mp3,13.28
hua,,华,Track 02 P013-022.mp3,15.98
delapidate,,Delapidate,Track 02 P013-022.mp3,21.8
dao,,道,Track 02 P013-022.mp3,23.2
tao,,陶,Track 02 P013-022.mp3,23.78
delama,,Delama,Track 02 P013-022.mp3,25.96
ding,,叮,Track 02 P013-022.mp3,26.84
tui,,我,Track 02 P013-022.mp3,27.66
liang,,梁,Track 02 P013-022.mp3,27.94
nan,,南,Track 02 P013-022.mp3,28.16
dioxide,,二氧化物,Track 02 P013-022.mp3,30.26
yang,,杨,Track 02 P013-022.mp3,32.44
hua,,华,Track 02 P013-022.mp3,32.62
digest,,摘要,Track 02 P013-022.mp3,34.84
wen,,温,Track 02 P013-022.mp3,35.84
zhai,,翟,Track 02 P013-022.mp3,36.58
digress,,离题,Track 02 P013-022.mp3,38.84
tee,,T恤,Track 02 P013-022.mp3,40.52
dylate,,二磺酸盐,Track 02 P013-022.mp3,42.84
peng,,鹏,Track 02 P013-022.mp3,43.62
zhang,,张,Track 02 P013-022.mp3,44.46
dylute,,Dylute,Track 02 P013-022.mp3,46.74
chong,,冲,Track 02 P013-022.mp3,47.44
dai,,戴,Track 02 P013-022.mp3,48.34
divert,,转移,Track 02 P013-022.mp3,50.84
shi,,石,Track 02 P013-022.mp3,51.56
zhuan,,专,Track 02 P013-022.mp3,52.12
xiang,,翔,Track 02 P013-022.mp3,52.46
diversed,,转移,Track 02 P013-022.mp3,54.64
bordor,,博多,Track 02 P013-022.mp3,55.98
divide,,除以,Track 02 P013-022.mp3,58.68
feng,,冯,Track 02 P013-022.mp3,60.02
kai,,凯,Track 02 P013-022.mp3,60.7
divorce,,离婚,Track 02 P013-022.mp3,62.66
huan,,欢,Track 02 P013-022.mp3,64.28
shi,,石,Track 02 P013-022.mp3,66.76
difficult,,困难,Track 02 P013-022.mp3,69.88
kun,,坤,Track 02 P013-022.mp3,71.08
nan,,南,Track 02 P013-022.mp3,71.74
diffident,,差异,Track 02 P013-022.mp3,73.88
diffa,,迪法,Track 02 P013-022.mp3,76.72
boutong,,布通,Track 02 P013-022.mp3,78.47
difference,,差异,Track 02 P013-022.mp3,80.88
difference,,差异,Track 02 P013-022.mp3,83.66
fendio,,芬迪奥,Track 02 P013-022.mp3,85.06
rong,,荣,Track 02 P013-022.mp3,86.26
jie,,杰,Track 02 P013-022.mp3,86.64
diffuse,,扩散的,Track 02 P013-022.mp3,88.6
sambua,,Sambua,Track 02 P013-022.mp3,89.74
shibar,,Shibar,Track 02 P013-022.mp3,94.24
disagree,,不同意,Track 02 P013-022.mp3,96.6
boutong,,博通,Track 02 P013-022.mp3,98.44
disappear,,消失,Track 02 P013-022.mp3,100.6
xiao,,小,Track 02 P013-022.mp3,102.04
shi,,石,Track 02 P013-022.mp3,102.74
disonest,,Disonest,Track 02 P013-022.mp3,104.6
boutang,,Boutang,Track 02 P013-022.mp3,106.02
sheda,,雪田,Track 02 P013-022.mp3,106.72
dislike,,不喜欢,Track 02 P013-022.mp3,108.6
boutong,,博通,Track 02 P013-022.mp3,111.64
dismay,,沮丧,Track 02 P013-022.mp3,113.04
dissauce,,酱汁,Track 02 P013-022.mp3,115.52
disabay,,Disabay,Track 02 P013-022.mp3,116.92
boutong,,博通,Track 02 P013-022.mp3,117.84
disorder,,混乱,Track 02 P013-022.mp3,119.8
wuzhi,,无志,Track 02 P013-022.mp3,121.7
disproof,,反证,Track 02 P013-022.mp3,124.02
dissimilar,,不相似的,Track 02 P013-022.mp3,128.8
distrust,,不信任,Track 02 P013-022.mp3,132.8
boutong,,博通,Track 02 P013-022.mp3,134.32
disable,,禁用,Track 02 P013-022.mp3,136.8
sambua,,桑布阿,Track 02 P013-022.mp3,141.8
boutong,,博通,Track 02 P013-022.mp3,143.46
discolor,,变色,Track 02 P013-022.mp3,145.76
boutong,,博通,Track 02 P013-022.mp3,147.76
discoverage,,Discoverage,Track 02 P013-022.mp3,149.54
boutong,,翻译失败,Track 02 P013-022.mp3,152.94
discover,,翻译失败,Track 02 P013-022.mp3,154.34
boutong,,翻译失败,Track 02 P013-022.mp3,156.74
displace,,翻译失败,Track 02 P013-022.mp3,158.14
boutong,,翻译失败,Track 02 P013-022.mp3,159.76
disband,,翻译失败,Track 02 P013-022.mp3,161.66
disorganize,,翻译失败,Track 02 P013-022.mp3,165.4
wazhi,,翻译失败,Track 02 P013-022.mp3,166.8
dispense,,翻译失败,Track 02 P013-022.mp3,168.8
fempei,,翻译失败,Track 02 P013-022.mp3,170.42
distend,,翻译失败,Track 02 P013-022.mp3,172.8
pong,,翻译失败,Track 02 P013-022.mp3,173.88
zhang,,翻译失败,Track 02 P013-022.mp3,174.62
distract,,翻译失败,Track 02 P013-022.mp3,176.72
feng,,翻译失败,Track 02 P013-022.mp3,177.42
xin,,翻译失败,Track 02 P013-022.mp3,178.14
dissanal,,翻译失败,Track 02 P013-022.mp3,180.18
quixiao,,翻译失败,Track 02 P013-022.mp3,181.8
feichu,,翻译失败,Track 02 P013-022.mp3,182.56
dissun,,翻译失败,Track 02 P013-022.mp3,184.8
shi,,翻译失败,Track 02 P013-022.mp3,185.86
dismiss,,翻译失败,Track 02 P013-022.mp3,188.8
jansan,,翻译失败,Track 02 P013-022.mp3,189.52
kai,,翻译失败,Track 02 P013-022.mp3,190.68
chu,,翻译失败,Track 02 P013-022.mp3,191.0
dispart,,翻译失败,Track 02 P013-022.mp3,192.8
fendi,,翻译失败,Track 02 P013-022.mp3,193.9
dissauce,,翻译失败,Track 02 P013-022.mp3,194.8
shi,,翻译失败,Track 02 P013-022.mp3,200.46
jiu,,翻译失败,Track 02 P013-022.mp3,201.72
accentric,,翻译失败,Track 02 P013-022.mp3,202.32
type,,翻译失败,Track 02 P013-022.mp3,208.36
fou,,翻译失败,Track 02 P013-022.mp3,209.08
zhiping,,翻译失败,Track 02 P013-022.mp3,209.56
effable,,翻译失败,Track 02 P013-022.mp3,211.8
neng,,翻译失败,Track 02 P013-022.mp3,212.58
shou,,翻译失败,Track 02 P013-022.mp3,213.18
feminine,,翻译失败,Track 02 P013-022.mp3,215.72
nui,,翻译失败,Track 02 P013-022.mp3,216.54
xin,,翻译失败,Track 02 P013-022.mp3,217.28
effervesce,,翻译失败,Track 02 P013-022.mp3,220.2
miao,,翻译失败,Track 02 P013-022.mp3,221.48
pong,,翻译失败,Track 02 P013-022.mp3,221.86
xin,,翻译失败,Track 02 P013-022.mp3,222.22
affluence,,翻译失败,Track 02 P013-022.mp3,222.94
liu,,翻译失败,Track 02 P013-022.mp3,225.36
chu,,翻译失败,Track 02 P013-022.mp3,225.88
frontary,,翻译失败,Track 02 P013-022.mp3,228.26
hou,,翻译失败,Track 02 P013-022.mp3,229.54
yan,,翻译失败,Track 02 P013-022.mp3,230.14
chi,,翻译失败,Track 02 P013-022.mp3,230.62
fulgent,,翻译失败,Track 02 P013-022.mp3,232.98
guang,,翻译失败,Track 02 P013-022.mp3,233.9
hui,,翻译失败,Track 02 P013-022.mp3,234.48
chan,,翻译失败,Track 02 P013-022.mp3,234.82
fusive,,翻译失败,Track 02 P013-022.mp3,237.5
liu,,翻译失败,Track 02 P013-022.mp3,238.4
gansing,,翻译失败,Track 02 P013-022.mp3,239.68
beng,,翻译失败,Track 02 P013-022.mp3,240.42
ajacked,,翻译失败,Track 02 P013-022.mp3,241.66
zhichu,,翻译失败,Track 02 P013-022.mp3,243.62
elect,,翻译失败,Track 02 P013-022.mp3,245.94
xuan,,翻译失败,Track 02 P013-022.mp3,246.78
emerge,,翻译失败,Track 02 P013-022.mp3,248.94
fuxian,,翻译失败,Track 02 P013-022.mp3,250.98
emigrate,,翻译失败,Track 02 P013-022.mp3,253.18
ejue,,翻译失败,Track 02 P013-022.mp3,254.5
guo,,翻译失败,Track 02 P013-022.mp3,255.28
wei,,翻译失败,Track 02 P013-022.mp3,255.46
emit,,翻译失败,Track 02 P013-022.mp3,256.98
chu,,翻译失败,Track 02 P013-022.mp3,258.8
eropt,,翻译失败,Track 02 P013-022.mp3,260.98
pinchu,,翻译失败,Track 02 P013-022.mp3,262.98
aid,,翻译失败,Track 02 P013-022.mp3,264.74
tao,,翻译失败,Track 02 P013-022.mp3,265.18
chu,,翻译失败,Track 02 P013-022.mp3,265.98
evaluate,,翻译失败,Track 02 P013-022.mp3,268.4
evaporate,,翻译失败,Track 02 P013-022.mp3,271.68
zheng,,翻译失败,Track 02 P013-022.mp3,273.08
chado,,翻译失败,Track 02 P013-022.mp3,276.74
eliminate,,翻译失败,Track 02 P013-022.mp3,279.06
xiao,,翻译失败,Track 02 P013-022.mp3,280.34
chu,,翻译失败,Track 02 P013-022.mp3,280.7
elimination,,翻译失败,Track 02 P013-022.mp3,282.44
xiao,,翻译失败,Track 02 P013-022.mp3,283.9
chu,,翻译失败,Track 02 P013-022.mp3,284.54
immasculate,,翻译失败,Track 02 P013-022.mp3,286.14
yan,,翻译失败,Track 02 P013-022.mp3,287.86
irradicate,,翻译失败,Track 02 P013-022.mp3,290.44
gan,,翻译失败,Track 02 P013-022.mp3,291.28
chu,,翻译失败,Track 02 P013-022.mp3,291.92
elaborate,,翻译失败,Track 02 P013-022.mp3,293.94
jing,,翻译失败,Track 02 P013-022.mp3,295.22
gong,,翻译失败,Track 02 P013-022.mp3,295.94
yilong,,翻译失败,Track 02 P013-022.mp3,297.44
gate,,翻译失败,Track 02 P013-022.mp3,299.02
yan,,翻译失败,Track 02 P013-022.mp3,299.54
chang,,翻译失败,Track 02 P013-022.mp3,300.04
enumerate,,翻译失败,Track 02 P013-022.mp3,302.14
stop,,翻译失败,Track 02 P013-022.mp3,308.76
jing,,翻译失败,Track 02 P013-022.mp3,310.74
zhi,,翻译失败,Track 02 P013-022.mp3,310.86
shu,,翻译失败,Track 02 P013-022.mp3,314.06
yuan,,翻译失败,Track 02 P013-022.mp3,314.66
ivanish,,翻译失败,Track 02 P013-022.mp3,316.8
xiaoshi,,翻译失败,Track 02 P013-022.mp3,318.76
ershin,,翻译失败,Track 02 P013-022.mp3,322.02
ecology,,翻译失败,Track 02 P013-022.mp3,324.14
sheng,,翻译失败,Track 02 P013-022.mp3,324.98
tai,,翻译失败,Track 02 P013-022.mp3,325.78
xue,,翻译失败,Track 02 P013-022.mp3,326.08
economic,,翻译失败,Track 02 P013-022.mp3,328.14
jing,,翻译失败,Track 02 P013-022.mp3,328.84
xue,,翻译失败,Track 02 P013-022.mp3,330.2
economic,,翻译失败,Track 02 P013-022.mp3,331.46
jing,,翻译失败,Track 02 P013-022.mp3,334.0
ecosystem,,翻译失败,Track 02 P013-022.mp3,337.6
sheng,,翻译失败,Track 02 P013-022.mp3,339.0
tai,,翻译失败,Track 02 P013-022.mp3,339.6
xitong,,翻译失败,Track 02 P013-022.mp3,339.96
ecotourism,,翻译失败,Track 02 P013-022.mp3,342.46
sheng,,翻译失败,Track 02 P013-022.mp3,343.5
tai,,翻译失败,Track 02 P013-022.mp3,343.88
lui,,翻译失败,Track 02 P013-022.mp3,344.24
liu,,翻译失败,Track 02 P013-022.mp3,344.52
embarrass,,翻译失败,Track 02 P013-022.mp3,349.4
shnan,,翻译失败,Track 02 P013-022.mp3,352.36
tan,,翻译失败,Track 02 P013-022.mp3,353.06
embat,,翻译失败,Track 02 P013-022.mp3,355.36
qian,,翻译失败,Track 02 P013-022.mp3,356.06
embrace,,翻译失败,Track 02 P013-022.mp3,358.46
yong,,翻译失败,Track 02 P013-022.mp3,359.58
bao,,翻译失败,Track 02 P013-022.mp3,360.1
empathy,,翻译失败,Track 02 P013-022.mp3,361.58
tong,,翻译失败,Track 02 P013-022.mp3,362.84
qin,,翻译失败,Track 02 P013-022.mp3,363.5
kong,,翻译失败,Track 02 P013-022.mp3,363.88
ming,,翻译失败,Track 02 P013-022.mp3,364.44
cage,,翻译失败,Track 02 P013-022.mp3,366.7
guan,,翻译失败,Track 02 P013-022.mp3,367.93
long,,翻译失败,Track 02 P013-022.mp3,368.84
zhong,,翻译失败,Track 02 P013-022.mp3,369.08
shane,,翻译失败,Track 02 P013-022.mp3,371.2
shu,,翻译失败,Track 02 P013-022.mp3,371.76
baowe,,翻译失败,Track 02 P013-022.mp3,375.3
wei,,翻译失败,Track 02 P013-022.mp3,376.52
zhao,,翻译失败,Track 02 P013-022.mp3,377.24
endemic地方性的,,翻译失败,Track 02 P013-022.mp3,380.32
enlighten,,翻译失败,Track 02 P013-022.mp3,382.9
list,,翻译失败,Track 02 P013-022.mp3,387.02
ruhu,,翻译失败,Track 02 P013-022.mp3,387.64
chong,,翻译失败,Track 02 P013-022.mp3,388.58
jun,,翻译失败,Track 02 P013-022.mp3,388.84
row,,翻译失败,Track 02 P013-022.mp3,391.06
deng,,翻译失败,Track 02 P013-022.mp3,392.02
tra,,翻译失败,Track 02 P013-022.mp3,394.56
yong,,翻译失败,Track 02 P013-022.mp3,394.96
xian,,翻译失败,Track 02 P013-022.mp3,395.78
jing,,翻译失败,Track 02 P013-022.mp3,396.26
yiu,,翻译失败,Track 02 P013-022.mp3,396.54
embathor,,翻译失败,Track 02 P013-022.mp3,398.96
zheng,,翻译失败,Track 02 P013-022.mp3,399.92
jun,,翻译失败,Track 02 P013-022.mp3,400.92
bei,,翻译失败,Track 02 P013-022.mp3,401.16
zhan,,翻译失败,Track 02 P013-022.mp3,401.38
embetter,,翻译失败,Track 02 P013-022.mp3,403.08
shi,,翻译失败,Track 02 P013-022.mp3,404.52
tong,,翻译失败,Track 02 P013-022.mp3,405.0
kun,,翻译失败,Track 02 P013-022.mp3,405.36
embodied,,翻译失败,Track 02 P013-022.mp3,407.42
xian,,翻译失败,Track 02 P013-022.mp3,408.94
empower,,翻译失败,Track 02 P013-022.mp3,410.84
shou,,翻译失败,Track 02 P013-022.mp3,411.8
quan,,翻译失败,Track 02 P013-022.mp3,412.84
zhiding,,翻译失败,Track 02 P013-022.mp3,415.82
ban,,翻译失败,Track 02 P013-022.mp3,416.52
chant,,翻译失败,Track 02 P013-022.mp3,419.12
shi,,翻译失败,Track 02 P013-022.mp3,419.86
zui,,翻译失败,Track 02 P013-022.mp3,420.92
encourage,,翻译失败,Track 02 P013-022.mp3,422.2
danger,,翻译失败,Track 02 P013-022.mp3,426.66
shi,,翻译失败,Track 02 P013-022.mp3,427.56
weixian,,翻译失败,Track 02 P013-022.mp3,428.26
franchise,,翻译失败,Track 02 P013-022.mp3,430.8
xuan,,翻译失败,Track 02 P013-022.mp3,432.84
quan,,翻译失败,Track 02 P013-022.mp3,433.42
lodge,,翻译失败,Track 02 P013-022.mp3,435.76
kuo,,翻译失败,Track 02 P013-022.mp3,436.96
bomb,,翻译失败,Track 02 P013-022.mp3,439.88
xiangliao,,翻译失败,Track 02 P013-022.mp3,441.7
zhu,,翻译失败,Track 02 P013-022.mp3,445.04
shang,,翻译失败,Track 02 P013-022.mp3,449.16
wen,,翻译失败,Track 02 P013-022.mp3,449.86
shuang,,翻译失败,Track 02 P013-022.mp3,450.08
embouter,,翻译失败,Track 02 P013-022.mp3,451.6
shi,,翻译失败,Track 02 P013-022.mp3,453.5
bien,,翻译失败,Track 02 P013-022.mp3,453.82
exult,,翻译失败,Track 02 P013-022.mp3,459.82
shisheng,,翻译失败,Track 02 P013-022.mp3,461.22
gao,,翻译失败,Track 02 P013-022.mp3,462.4
exquisite,,翻译失败,Track 02 P013-022.mp3,463.6
wajie,,翻译失败,Track 02 P013-022.mp3,465.56
exceed,,翻译失败,Track 02 P013-022.mp3,467.6
chao,,翻译失败,Track 02 P013-022.mp3,468.66
chu,,翻译失败,Track 02 P013-022.mp3,469.56
exise,,翻译失败,Track 02 P013-022.mp3,470.66
chie,,翻译失败,Track 02 P013-022.mp3,472.28
chu,,翻译失败,Track 02 P013-022.mp3,473.16
exclude,,翻译失败,Track 02 P013-022.mp3,474.66
paixu,,翻译失败,Track 02 P013-022.mp3,476.24
exhael,,翻译失败,Track 02 P013-022.mp3,478.78
exhum,,翻译失败,Track 02 P013-022.mp3,482.42
wachu,,翻译失败,Track 02 P013-022.mp3,483.66
exubitant,,翻译失败,Track 02 P013-022.mp3,486.32
guofen,,翻译失败,Track 02 P013-022.mp3,487.72
expatriot,,翻译失败,Track 02 P013-022.mp3,489.84
zhuo,,翻译失败,Track 02 P013-022.mp3,491.92
chu,,翻译失败,Track 02 P013-022.mp3,492.26
guo,,翻译失败,Track 02 P013-022.mp3,492.5
exbow,,翻译失败,Track 02 P013-022.mp3,494.54
zhuo,,翻译失败,Track 02 P013-022.mp3,495.24
chu,,翻译失败,Track 02 P013-022.mp3,496.42
expire,,翻译失败,Track 02 P013-022.mp3,498.3
man,,翻译失败,Track 02 P013-022.mp3,500.22
duan,,翻译失败,Track 02 P013-022.mp3,500.66
chu,,翻译失败,Track 02 P013-022.mp3,505.38
kou,,翻译失败,Track 02 P013-022.mp3,505.9
expose,,翻译失败,Track 02 P013-022.mp3,507.76
bao,,翻译失败,Track 02 P013-022.mp3,508.98
extract,,翻译失败,Track 02 P013-022.mp3,511.6
chu,,翻译失败,Track 02 P013-022.mp3,513.76
exhusband,,翻译失败,Track 02 P013-022.mp3,515.5
qian,,翻译失败,Track 02 P013-022.mp3,516.72
qian,,翻译失败,Track 02 P013-022.mp3,520.56
ren,,翻译失败,Track 02 P013-022.mp3,521.2
shi,,翻译失败,Track 02 P013-022.mp3,521.44
zhang,,翻译失败,Track 02 P013-022.mp3,521.74
qian,,翻译失败,Track 02 P013-022.mp3,524.74
ren,,翻译失败,Track 02 P013-022.mp3,525.46
zhang,,翻译失败,Track 02 P013-022.mp3,525.98
qian,,翻译失败,Track 02 P013-022.mp3,529.32
ren,,翻译失败,Track 02 P013-022.mp3,529.88
zong,,翻译失败,Track 02 P013-022.mp3,530.14
tong,,翻译失败,Track 02 P013-022.mp3,530.48
qian,,翻译失败,Track 02 P013-022.mp3,533.4
exaggerate,,翻译失败,Track 02 P013-022.mp3,536.44
kua,,翻译失败,Track 02 P013-022.mp3,537.56
zhang,,翻译失败,Track 02 P013-022.mp3,537.94
exasperate,,翻译失败,Track 02 P013-022.mp3,540.04
explicate,,翻译失败,Track 02 P013-022.mp3,543.74
jin,,翻译失败,Track 02 P013-022.mp3,544.6
hua,,翻译失败,Track 02 P013-022.mp3,545.14
shan,,翻译失败,Track 02 P013-022.mp3,545.54
extracurricular,,翻译失败,Track 02 P013-022.mp3,552.02
kua,,翻译失败,Track 02 P013-022.mp3,553.14
dai,,翻译失败,Track 02 P013-022.mp3,554.0
extradite,,翻译失败,Track 02 P013-022.mp3,555.82
ying,,翻译失败,Track 02 P013-022.mp3,556.54
tao,,翻译失败,Track 02 P013-022.mp3,557.22
dang,,翻译失败,Track 02 P013-022.mp3,558.2
extramarital,,翻译失败,Track 02 P013-022.mp3,560.34
wen,,翻译失败,Track 02 P013-022.mp3,561.06
wai,,翻译失败,Track 02 P013-022.mp3,562.02
tong,,翻译失败,Track 02 P013-022.mp3,563.02
extraneous,,翻译失败,Track 02 P013-022.mp3,565.34
wai,,翻译失败,Track 02 P013-022.mp3,566.06
lai,,翻译失败,Track 02 P013-022.mp3,566.92
extrooficial,,翻译失败,Track 02 P013-022.mp3,569.82
zhi,,翻译失败,Track 02 P013-022.mp3,570.54
quan,,翻译失败,Track 02 P013-022.mp3,570.78
wai,,翻译失败,Track 02 P013-022.mp3,571.36
extraordinary,,翻译失败,Track 02 P013-022.mp3,573.8
kua,,翻译失败,Track 02 P013-022.mp3,574.94
dai,,翻译失败,Track 02 P013-022.mp3,575.3
extrapolate,,翻译失败,Track 02 P013-022.mp3,577.78
tui,,翻译失败,Track 02 P013-022.mp3,578.5
duan,,翻译失败,Track 02 P013-022.mp3,579.14
extrasolar,,翻译失败,Track 02 P013-022.mp3,581.36
kai,,翻译失败,Track 02 P013-022.mp3,582.08
yang,,翻译失败,Track 02 P013-022.mp3,582.68
wai,,翻译失败,Track 02 P013-022.mp3,583.4
extraspecial非常特别的,,翻译失败,Track 02 P013-022.mp3,589.08
extravagant,,翻译失败,Track 02 P013-022.mp3,590.6
szechish,,翻译失败,Track 02 P013-022.mp3,591.2
extravilate,,翻译失败,Track 02 P013-022.mp3,594.56
wai,,翻译失败,Track 02 P013-022.mp3,595.38
xian,,翻译失败,Track 02 P013-022.mp3,595.6
extravate,,翻译失败,Track 02 P013-022.mp3,596.14
xing,,翻译失败,Track 02 P013-022.mp3,598.62
wai,,翻译失败,Track 02 P013-022.mp3,599.5
xiang,,翻译失败,Track 02 P013-022.mp3,599.84
forum,,翻译失败,Track 02 P013-022.mp3,604.16
qian,,翻译失败,Track 02 P013-022.mp3,606.74
fubai,,翻译失败,Track 02 P013-022.mp3,607.64
zuxian,,翻译失败,Track 02 P013-022.mp3,609.98
fubod,,翻译失败,Track 02 P013-022.mp3,612.48
yue,,翻译失败,Track 02 P013-022.mp3,613.8
shi,,翻译失败,Track 02 P013-022.mp3,614.36
fukast,,翻译失败,Track 02 P013-022.mp3,616.64
yue,,翻译失败,Track 02 P013-022.mp3,617.38
diao,,翻译失败,Track 02 P013-022.mp3,617.92
fufa,,翻译失败,Track 02 P013-022.mp3,619.64
zuxian,,翻译失败,Track 02 P013-022.mp3,620.58
fufinga,,翻译失败,Track 02 P013-022.mp3,623.64
shi,,翻译失败,Track 02 P013-022.mp3,624.46
zhi,,翻译失败,Track 02 P013-022.mp3,625.3
fufuant最潜步最重要之處,,翻译失败,Track 02 P013-022.mp3,629.9
fuhat,,翻译失败,Track 02 P013-022.mp3,631.3
qian,,翻译失败,Track 02 P013-022.mp3,633.52
forana先驱先照,,翻译失败,Track 02 P013-022.mp3,637.54
fuxi,,翻译失败,Track 02 P013-022.mp3,638.94
yujian,,翻译失败,Track 02 P013-022.mp3,641.44
fushado,,翻译失败,Track 02 P013-022.mp3,642.5
yushi,,翻译失败,Track 02 P013-022.mp3,644.88
fusite,,翻译失败,Track 02 P013-022.mp3,647.18
yuanjian,,翻译失败,Track 02 P013-022.mp3,648.46
fustu,,翻译失败,Track 02 P013-022.mp3,649.8
zuzhi,,翻译失败,Track 02 P013-022.mp3,652.04
futel,,翻译失败,Track 02 P013-022.mp3,653.48
yuyen,,翻译失败,Track 02 P013-022.mp3,655.76
fuehad,,翻译失败,Track 02 P013-022.mp3,656.86
qian,,翻译失败,Track 02 P013-022.mp3,659.2
yan,,翻译失败,Track 02 P013-022.mp3,659.88
fufuant,,翻译失败,Track 02 P013-022.mp3,669.32
fugus,,翻译失败,Track 02 P013-022.mp3,674.62
fugus,,翻译失败,Track 02 P013-022.mp3,676.02
fugus,,翻译失败,Track 02 P013-022.mp3,677.98
fugus,,翻译失败,Track 02 P013-022.mp3,680.34
fugus,,翻译失败,Track 02 P013-022.mp3,688.92
illogical,,翻译失败,Track 02 P013-022.mp3,692.12
illuminate,,翻译失败,Track 02 P013-022.mp3,698.38
illusion,,翻译失败,Track 02 P013-022.mp3,701.26
illustrate,,翻译失败,Track 02 P013-022.mp3,704.82
illustrious,,翻译失败,Track 02 P013-022.mp3,708.66
immature,,翻译失败,Track 02 P013-022.mp3,714.86
immobile,,翻译失败,Track 02 P013-022.mp3,719.86
immoderate,,翻译失败,Track 02 P013-022.mp3,724.26
immoral,,翻译失败,Track 02 P013-022.mp3,726.86
immutable,,翻译失败,Track 02 P013-022.mp3,730.24
impartial,,翻译失败,Track 02 P013-022.mp3,734.16
impressive,,翻译失败,Track 02 P013-022.mp3,737.78
lengmo,,翻译失败,Track 02 P013-022.mp3,739.18
impalite,,翻译失败,Track 02 P013-022.mp3,742.18
impossible,,翻译失败,Track 02 P013-022.mp3,745.2
inability,,翻译失败,Track 02 P013-022.mp3,748.94
inaccessible,,翻译失败,Track 02 P013-022.mp3,753.26
inaccurate,,翻译失败,Track 02 P013-022.mp3,756.68
inattention,,翻译失败,Track 02 P013-022.mp3,760.16
inaudible,,翻译失败,Track 02 P013-022.mp3,763.8
unable,,翻译失败,Track 02 P013-022.mp3,767.28
unable,,翻译失败,Track 02 P013-022.mp3,768.68
inconstant,,翻译失败,Track 02 P013-022.mp3,770.84
inatible,,翻译失败,Track 02 P013-022.mp3,776.2
ineffective,,翻译失败,Track 02 P013-022.mp3,779.28
ineffectual,,翻译失败,Track 02 P013-022.mp3,783.66
inevitable,,翻译失败,Track 02 P013-022.mp3,788.68
inhuman,,翻译失败,Track 02 P013-022.mp3,790.08
inembitable,,翻译失败,Track 02 P013-022.mp3,795.76
injustice,,翻译失败,Track 02 P013-022.mp3,801.42
inocuous,,翻译失败,Track 02 P013-022.mp3,804.08
image,,翻译失败,Track 02 P013-022.mp3,807.88
immigrate,,翻译失败,Track 02 P013-022.mp3,811.6
emission,,翻译失败,Track 02 P013-022.mp3,815.78
inude,,翻译失败,Track 02 P013-022.mp3,818.4
immure,,翻译失败,Track 02 P013-022.mp3,819.8
imparel,,翻译失败,Track 02 P013-022.mp3,822.38
implond,,翻译失败,Track 02 P013-022.mp3,826.64
inude,,翻译失败,Track 02 P013-022.mp3,831.04
impression,,翻译失败,Track 02 P013-022.mp3,835.76
include,,翻译失败,Track 02 P013-022.mp3,839.68
incorporate,,翻译失败,Track 02 P013-022.mp3,843.76
incursion,,翻译失败,Track 02 P013-022.mp3,847.36
inro,,翻译失败,Track 02 P013-022.mp3,850.2
influx,,翻译失败,Track 02 P013-022.mp3,856.46
influix,,翻译失败,Track 02 P013-022.mp3,857.86
infuse,,翻译失败,Track 02 P013-022.mp3,860.14
injust,,翻译失败,Track 02 P013-022.mp3,864.44
inhale,,翻译失败,Track 02 P013-022.mp3,867.92
inject,,翻译失败,Track 02 P013-022.mp3,871.84
insect,,翻译失败,Track 02 P013-022.mp3,875.1
charrou,,翻译失败,Track 02 P013-022.mp3,876.5
impression,,翻译失败,Track 02 P013-022.mp3,878.5
shedong,,翻译失败,Track 02 P013-022.mp3,880.3
ganching,,翻译失败,Track 02 P013-022.mp3,881.0
impeach,,翻译失败,Track 02 P013-022.mp3,883.52
tanhe,,翻译失败,Track 02 P013-022.mp3,884.22
impede,,翻译失败,Track 02 P013-022.mp3,885.48
impal,,翻译失败,Track 02 P013-022.mp3,890.66
quido,,翻译失败,Track 02 P013-022.mp3,892.06
impend,,翻译失败,Track 02 P013-022.mp3,893.06
gejang發生,,翻译失败,Track 02 P013-022.mp3,896.06
impersinate,,翻译失败,Track 02 P013-022.mp3,898.76
banyan,,翻译失败,Track 02 P013-022.mp3,900.6
morphang,,翻译失败,Track 02 P013-022.mp3,901.3
impetus,,翻译失败,Track 02 P013-022.mp3,903.74
tui,,翻译失败,Track 02 P013-022.mp3,904.42
dong,,翻译失败,Track 02 P013-022.mp3,905.12
choo,,翻译失败,Track 02 P013-022.mp3,905.44
jin,,翻译失败,Track 02 P013-022.mp3,905.9
impose,,翻译失败,Track 02 P013-022.mp3,908.06
bacchian,,翻译失败,Track 02 P013-022.mp3,909.54
jia,,翻译失败,Track 02 P013-022.mp3,910.24
impoverish,,翻译失败,Track 02 P013-022.mp3,912.98
shiping,,翻译失败,Track 02 P013-022.mp3,913.68
chong,,翻译失败,Track 02 P013-022.mp3,914.54
impress,,翻译失败,Track 02 P013-022.mp3,916.92
yin,,翻译失败,Track 02 P013-022.mp3,917.62
shimin,,翻译失败,Track 02 P013-022.mp3,918.22
imprint,,翻译失败,Track 02 P013-022.mp3,919.46
yin,,翻译失败,Track 02 P013-022.mp3,922.0
yin,,翻译失败,Track 02 P013-022.mp3,922.82
impulse,,翻译失败,Track 02 P013-022.mp3,925.38
embryed,,翻译失败,Track 02 P013-022.mp3,928.38
incarnate,,翻译失败,Track 02 P013-022.mp3,932.36
shih,,翻译失败,Track 02 P013-022.mp3,933.76
hua,,翻译失败,Track 02 P013-022.mp3,934.18
shan,,翻译失败,Track 02 P013-022.mp3,934.58
incidents,,翻译失败,Track 02 P013-022.mp3,937.06
shixing發生,,翻译失败,Track 02 P013-022.mp3,939.24
incite,,翻译失败,Track 02 P013-022.mp3,941.78
increase,,翻译失败,Track 02 P013-022.mp3,945.62
increase,,翻译失败,Track 02 P013-022.mp3,947.02
zeng,,翻译失败,Track 02 P013-022.mp3,948.52
jia,,翻译失败,Track 02 P013-022.mp3,949.46
increment,,翻译失败,Track 02 P013-022.mp3,951.88
zeng,,翻译失败,Track 02 P013-022.mp3,953.46
zhi,,翻译失败,Track 02 P013-022.mp3,954.16
zeng,,翻译失败,Track 02 P013-022.mp3,954.44
jia,,翻译失败,Track 02 P013-022.mp3,954.96
incriminate,,翻译失败,Track 02 P013-022.mp3,956.92
shifu,,翻译失败,Track 02 P013-022.mp3,958.52
zui,,翻译失败,Track 02 P013-022.mp3,959.22
incur,,翻译失败,Track 02 P013-022.mp3,961.36
ice,,翻译失败,Track 03 P023-032.mp3,2.1
fact,,翻译失败,Track 03 P023-032.mp3,6.18
flame,,翻译失败,Track 03 P023-032.mp3,10.5
icked,,翻译失败,Track 03 P023-032.mp3,15.52
nov,,翻译失败,Track 03 P023-032.mp3,19.56
igor,,翻译失败,Track 03 P023-032.mp3,24.16
ters,,翻译失败,Track 03 P023-032.mp3,31.36
eed,,翻译失败,Track 03 P023-032.mp3,31.54
tern,,翻译失败,Track 03 P023-032.mp3,35.42
ters,,翻译失败,Track 03 P023-032.mp3,38.0
ity,,翻译失败,Track 03 P023-032.mp3,39.4
ter,,翻译失败,Track 03 P023-032.mp3,45.52
are,,翻译失败,Track 03 P023-032.mp3,46.04
tern,,翻译失败,Track 03 P023-032.mp3,49.98
int,,翻译失败,Track 03 P023-032.mp3,53.2
personal,,翻译失败,Track 03 P023-032.mp3,53.88
int,,翻译失败,Track 03 P023-032.mp3,57.7
pose,,翻译失败,Track 03 P023-032.mp3,58.36
ter,,翻译失败,Track 03 P023-032.mp3,62.7
ters,,翻译失败,Track 03 P023-032.mp3,67.28
eed,,翻译失败,Track 03 P023-032.mp3,67.56
ter,,翻译失败,Track 03 P023-032.mp3,70.34
state,,翻译失败,Track 03 P023-032.mp3,70.94
ter,,翻译失败,Track 03 P023-032.mp3,74.84
amer,,翻译失败,Track 03 P023-032.mp3,75.34
inter,,翻译失败,Track 03 P023-032.mp3,78.1
ter,,翻译失败,Track 03 P023-032.mp3,82.64
dependence,,翻译失败,Track 03 P023-032.mp3,82.78
ter,,翻译失败,Track 03 P023-032.mp3,87.02
ter,,翻译失败,Track 03 P023-032.mp3,90.08
relate,,翻译失败,Track 03 P023-032.mp3,91.4
inter,,翻译失败,Track 03 P023-032.mp3,94.82
view,,翻译失败,Track 03 P023-032.mp3,95.6
int,,翻译失败,Track 03 P023-032.mp3,102.8
rodu,,翻译失败,Track 03 P023-032.mp3,103.58
int,,翻译失败,Track 03 P023-032.mp3,107.46
rodu,,翻译失败,Track 03 P023-032.mp3,108.22
ction,,翻译失败,Track 03 P023-032.mp3,108.3
int,,翻译失败,Track 03 P023-032.mp3,110.92
ref,,翻译失败,Track 03 P023-032.mp3,112.44
lection,,翻译失败,Track 03 P023-032.mp3,112.76
int,,翻译失败,Track 03 P023-032.mp3,116.04
rom,,翻译失败,Track 03 P023-032.mp3,116.8
int,,翻译失败,Track 03 P023-032.mp3,120.26
rospect,,翻译失败,Track 03 P023-032.mp3,121.02
int,,翻译失败,Track 03 P023-032.mp3,124.72
vers,,翻译失败,Track 03 P023-032.mp3,125.72
ible,,翻译失败,Track 03 P023-032.mp3,126.04
int,,翻译失败,Track 03 P023-032.mp3,129.4
vert,,翻译失败,Track 03 P023-032.mp3,130.38
cil,,翻译失败,Track 03 P023-032.mp3,142.6
utable,,翻译失败,Track 03 P023-032.mp3,147.12
levant,,翻译失败,Track 03 P023-032.mp3,155.18
medi,,翻译失败,Track 03 P023-032.mp3,159.22
place,,翻译失败,Track 03 P023-032.mp3,163.58
ible,,翻译失败,Track 03 P023-032.mp3,168.34
pro,,翻译失败,Track 03 P023-032.mp3,172.52
vable,,翻译失败,Track 03 P023-032.mp3,172.8
res,,翻译失败,Track 03 P023-032.mp3,176.68
ible,,翻译失败,Track 03 P023-032.mp3,177.12
respons,,翻译失败,Track 03 P023-032.mp3,181.04
ible,,翻译失败,Track 03 P023-032.mp3,181.46
ver,,翻译失败,Track 03 P023-032.mp3,185.62
vers,,翻译失败,Track 03 P023-032.mp3,189.54
ible,,翻译失败,Track 03 P023-032.mp3,189.74
voc,,翻译失败,Track 03 P023-032.mp3,193.92
rig,,翻译失败,Track 03 P023-032.mp3,197.94
ruption,,翻译失败,Track 03 P023-032.mp3,204.84
medi,,翻译失败,Track 03 P023-032.mp3,208.42
rit,,翻译失败,Track 03 P023-032.mp3,212.0
cal,,翻译失败,Track 03 P023-032.mp3,220.12
orie,,翻译失败,Track 03 P023-032.mp3,220.64
magn,,翻译失败,Track 03 P023-032.mp3,243.18
anim,,翻译失败,Track 03 P023-032.mp3,243.98
ity,,翻译失败,Track 03 P023-032.mp3,244.24
magn,,翻译失败,Track 03 P023-032.mp3,247.7
magn,,翻译失败,Track 03 P023-032.mp3,252.42
ification,,翻译失败,Track 03 P023-032.mp3,253.22
magn,,翻译失败,Track 03 P023-032.mp3,256.12
ific,,翻译失败,Track 03 P023-032.mp3,256.92
magn,,翻译失败,Track 03 P023-032.mp3,260.88
ify,,翻译失败,Track 03 P023-032.mp3,261.68
magn,,翻译失败,Track 03 P023-032.mp3,264.36
iqu,,翻译失败,Track 03 P023-032.mp3,265.54
magn,,翻译失败,Track 03 P023-032.mp3,268.46
itude,,翻译失败,Track 03 P023-032.mp3,269.16
mis,,翻译失败,Track 03 P023-032.mp3,276.24
app,,翻译失败,Track 03 P023-032.mp3,276.64
mis,,翻译失败,Track 03 P023-032.mp3,279.48
app,,翻译失败,Track 03 P023-032.mp3,280.28
reh,,翻译失败,Track 03 P023-032.mp3,280.62
mis,,翻译失败,Track 03 P023-032.mp3,283.62
beh,,翻译失败,Track 03 P023-032.mp3,284.42
avior,,翻译失败,Track 03 P023-032.mp3,284.84
mis,,翻译失败,Track 03 P023-032.mp3,287.66
cal,,翻译失败,Track 03 P023-032.mp3,288.46
cul,,翻译失败,Track 03 P023-032.mp3,288.86
mis,,翻译失败,Track 03 P023-032.mp3,291.68
mis,,翻译失败,Track 03 P023-032.mp3,295.78
doing,,翻译失败,Track 03 P023-032.mp3,296.62
mis,,翻译失败,Track 03 P023-032.mp3,299.54
ortune,,翻译失败,Track 03 P023-032.mp3,300.68
mis,,翻译失败,Track 03 P023-032.mp3,303.86
ide,,翻译失败,Track 03 P023-032.mp3,304.52
mis,,翻译失败,Track 03 P023-032.mp3,307.26
app,,翻译失败,Track 03 P023-032.mp3,308.1
mis,,翻译失败,Track 03 P023-032.mp3,311.4
inform,,翻译失败,Track 03 P023-032.mp3,311.82
mis,,翻译失败,Track 03 P023-032.mp3,316.58
interpret,,翻译失败,Track 03 P023-032.mp3,317.42
mis,,翻译失败,Track 03 P023-032.mp3,321.0
jud,,翻译失败,Track 03 P023-032.mp3,321.72
mis,,翻译失败,Track 03 P023-032.mp3,325.06
mis,,翻译失败,Track 03 P023-032.mp3,328.98
oma,,翻译失败,Track 03 P023-032.mp3,330.08
mis,,翻译失败,Track 03 P023-032.mp3,333.32
read,,翻译失败,Track 03 P023-032.mp3,334.04
mis,,翻译失败,Track 03 P023-032.mp3,337.18
rule,,翻译失败,Track 03 P023-032.mp3,337.9
mis,,翻译失败,Track 03 P023-032.mp3,341.7
ball,,翻译失败,Track 03 P023-032.mp3,342.42
mis,,翻译失败,Track 03 P023-032.mp3,345.7
ust,,翻译失败,Track 03 P023-032.mp3,346.82
mis,,翻译失败,Track 03 P023-032.mp3,349.68
under,,翻译失败,Track 03 P023-032.mp3,350.26
stand,,翻译失败,Track 03 P023-032.mp3,350.64
mis,,翻译失败,Track 03 P023-032.mp3,353.94
non,,翻译失败,Track 03 P023-032.mp3,369.68
igned,,翻译失败,Track 03 P023-032.mp3,370.76
non,,翻译失败,Track 03 P023-032.mp3,374.96
form,,翻译失败,Track 03 P023-032.mp3,376.06
non,,翻译失败,Track 03 P023-032.mp3,381.1
cript,,翻译失败,Track 03 P023-032.mp3,382.14
non,,翻译失败,Track 03 P023-032.mp3,387.04
cript,,翻译失败,Track 03 P023-032.mp3,388.08
non,,翻译失败,Track 03 P023-032.mp3,391.32
essential,,翻译失败,Track 03 P023-032.mp3,392.22
non,,翻译失败,Track 03 P023-032.mp3,395.56
exist,,翻译失败,Track 03 P023-032.mp3,396.26
non,,翻译失败,Track 03 P023-032.mp3,400.2
fiction,,翻译失败,Track 03 P023-032.mp3,400.74
non,,翻译失败,Track 03 P023-032.mp3,405.52
human,,翻译失败,Track 03 P023-032.mp3,406.48
non,,翻译失败,Track 03 P023-032.mp3,409.76
prof,,翻译失败,Track 03 P023-032.mp3,410.6
essional,,翻译失败,Track 03 P023-032.mp3,410.82
non,,翻译失败,Track 03 P023-032.mp3,413.82
profit,,翻译失败,Track 03 P023-032.mp3,414.82
non,,翻译失败,Track 03 P023-032.mp3,417.94
ense,,翻译失败,Track 03 P023-032.mp3,418.88
non,,翻译失败,Track 03 P023-032.mp3,421.74
oking,,翻译失败,Track 03 P023-032.mp3,422.86
non,,翻译失败,Track 03 P023-032.mp3,426.94
non,,翻译失败,Track 03 P023-032.mp3,430.38
xic,,翻译失败,Track 03 P023-032.mp3,431.42
non,,翻译失败,Track 03 P023-032.mp3,434.34
trad,,翻译失败,Track 03 P023-032.mp3,435.18
itional,,翻译失败,Track 03 P023-032.mp3,435.26
non,,翻译失败,Track 03 P023-032.mp3,438.34
ver,,翻译失败,Track 03 P023-032.mp3,439.34
bal,,翻译失败,Track 03 P023-032.mp3,439.5
non,,翻译失败,Track 03 P023-032.mp3,443.28
iqu,,翻译失败,Track 03 P023-032.mp3,455.68
ract,,翻译失败,Track 03 P023-032.mp3,459.84
opp,,翻译失败,Track 03 P023-032.mp3,467.5
opp,,翻译失败,Track 03 P023-032.mp3,471.28
opp,,翻译失败,Track 03 P023-032.mp3,475.56
urate,,翻译失败,Track 03 P023-032.mp3,482.3
ong,,翻译失败,Track 03 P023-032.mp3,485.68
nox,,翻译失败,Track 03 P023-032.mp3,489.3
ious,,翻译失败,Track 03 P023-032.mp3,489.62
obs,,翻译失败,Track 03 P023-032.mp3,493.14
erve,,翻译失败,Track 03 P023-032.mp3,493.5
obs,,翻译失败,Track 03 P023-032.mp3,496.34
tain,,翻译失败,Track 03 P023-032.mp3,499.44
ude,,翻译失败,Track 03 P023-032.mp3,504.08
app,,翻译失败,Track 03 P023-032.mp3,506.66
ress,,翻译失败,Track 03 P023-032.mp3,507.22
app,,翻译失败,Track 03 P023-032.mp3,513.24
ression,,翻译失败,Track 03 P023-032.mp3,514.04
out,,翻译失败,Track 03 P023-032.mp3,522.04
rage,,翻译失败,Track 03 P023-032.mp3,522.9
out,,翻译失败,Track 03 P023-032.mp3,526.14
set,,翻译失败,Track 03 P023-032.mp3,527.0
out,,翻译失败,Track 03 P023-032.mp3,530.12
size,,翻译失败,Track 03 P023-032.mp3,530.98
out,,翻译失败,Track 03 P023-032.mp3,533.72
out,,翻译失败,Track 03 P023-032.mp3,537.82
state,,翻译失败,Track 03 P023-032.mp3,538.68
out,,翻译失败,Track 03 P023-032.mp3,541.96
ware,,翻译失败,Track 03 P023-032.mp3,542.82
out,,翻译失败,Track 03 P023-032.mp3,545.62
age,,翻译失败,Track 03 P023-032.mp3,546.48
out,,翻译失败,Track 03 P023-032.mp3,549.0
break,,翻译失败,Track 03 P023-032.mp3,549.92
out,,翻译失败,Track 03 P023-032.mp3,552.7
door,,翻译失败,Track 03 P023-032.mp3,553.26
out,,翻译失败,Track 03 P023-032.mp3,554.6
out,,翻译失败,Track 03 P023-032.mp3,558.98
gas,,翻译失败,Track 03 P023-032.mp3,559.9
out,,翻译失败,Track 03 P023-032.mp3,562.5
house,,翻译失败,Track 03 P023-032.mp3,564.3
out,,翻译失败,Track 03 P023-032.mp3,566.84
land,,翻译失败,Track 03 P023-032.mp3,567.76
out,,翻译失败,Track 03 P023-032.mp3,571.04
out,,翻译失败,Track 03 P023-032.mp3,576.2
root,,翻译失败,Track 03 P023-032.mp3,577.12
out,,翻译失败,Track 03 P023-032.mp3,579.88
ush,,翻译失败,Track 03 P023-032.mp3,581.06
out,,翻译失败,Track 03 P023-032.mp3,583.54
out,,翻译失败,Track 03 P023-032.mp3,587.78
irts,,翻译失败,Track 03 P023-032.mp3,588.64
out,,翻译失败,Track 03 P023-032.mp3,591.64
fit,,翻译失败,Track 03 P023-032.mp3,592.1
out,,翻译失败,Track 03 P023-032.mp3,595.96
break,,翻译失败,Track 03 P023-032.mp3,596.92
out,,翻译失败,Track 03 P023-032.mp3,600.96
out,,翻译失败,Track 03 P023-032.mp3,604.36
last,,翻译失败,Track 03 P023-032.mp3,606.34
out,,翻译失败,Track 03 P023-032.mp3,610.36
live,,翻译失败,Track 03 P023-032.mp3,611.08
out,,翻译失败,Track 03 P023-032.mp3,615.08
number,,翻译失败,Track 03 P023-032.mp3,615.58
out,,翻译失败,Track 03 P023-032.mp3,619.36
pace,,翻译失败,Track 03 P023-032.mp3,620.04
out,,翻译失败,Track 03 P023-032.mp3,624.22
perform,,翻译失败,Track 03 P023-032.mp3,624.72
out,,翻译失败,Track 03 P023-032.mp3,629.26
run,,翻译失败,Track 03 P023-032.mp3,629.76
out,,翻译失败,Track 03 P023-032.mp3,633.34
art,,翻译失败,Track 03 P023-032.mp3,634.72
out,,翻译失败,Track 03 P023-032.mp3,637.88
out,,翻译失败,Track 03 P023-032.mp3,643.76
out,,翻译失败,Track 03 P023-032.mp3,649.42
fit,,翻译失败,Track 03 P023-032.mp3,649.92
out,,翻译失败,Track 03 P023-032.mp3,661.84
ward,,翻译失败,Track 03 P023-032.mp3,662.52
burden,,翻译失败,Track 03 P023-032.mp3,662.68
out,,翻译失败,Track 03 P023-032.mp3,667.34
fit,,翻译失败,Track 03 P023-032.mp3,667.68
out,,翻译失败,Track 03 P023-032.mp3,670.44
fit,,翻译失败,Track 03 P023-032.mp3,671.18
out,,翻译失败,Track 03 P023-032.mp3,676.38
fit,,翻译失败,Track 03 P023-032.mp3,676.9
out,,翻译失败,Track 03 P023-032.mp3,680.68
fit,,翻译失败,Track 03 P023-032.mp3,681.3
out,,翻译失败,Track 03 P023-032.mp3,684.78
fit,,翻译失败,Track 03 P023-032.mp3,685.46
over,,翻译失败,Track 03 P023-032.mp3,692.6
over,,翻译失败,Track 03 P023-032.mp3,698.22
pay,,翻译失败,Track 03 P023-032.mp3,698.22
over,,翻译失败,Track 03 P023-032.mp3,702.32
praise,,翻译失败,Track 03 P023-032.mp3,702.96
over,,翻译失败,Track 03 P023-032.mp3,706.62
production,,翻译失败,Track 03 P023-032.mp3,707.26
over,,翻译失败,Track 03 P023-032.mp3,710.92
over,,翻译失败,Track 03 P023-032.mp3,714.84
over,,翻译失败,Track 03 P023-032.mp3,718.38
over,,翻译失败,Track 03 P023-032.mp3,722.58
over,,翻译失败,Track 03 P023-032.mp3,727.24
over,,翻译失败,Track 03 P023-032.mp3,731.26
over,,翻译失败,Track 03 P023-032.mp3,735.7
land,,翻译失败,Track 03 P023-032.mp3,736.32
over,,翻译失败,Track 03 P023-032.mp3,739.18
lay,,翻译失败,Track 03 P023-032.mp3,739.8
over,,翻译失败,Track 03 P023-032.mp3,742.74
leap,,翻译失败,Track 03 P023-032.mp3,743.4
over,,翻译失败,Track 03 P023-032.mp3,746.44
over,,翻译失败,Track 03 P023-032.mp3,750.98
look,,翻译失败,Track 03 P023-032.mp3,751.66
over,,翻译失败,Track 03 P023-032.mp3,755.52
power,,翻译失败,Track 03 P023-032.mp3,756.14
over,,翻译失败,Track 03 P023-032.mp3,759.48
rule,,翻译失败,Track 03 P023-032.mp3,760.08
over,,翻译失败,Track 03 P023-032.mp3,763.0
tone,,翻译失败,Track 03 P023-032.mp3,763.6
over,,翻译失败,Track 03 P023-032.mp3,766.98
whole,,翻译失败,Track 03 P023-032.mp3,767.58
over,,翻译失败,Track 03 P023-032.mp3,769.14
whole,,翻译失败,Track 03 P023-032.mp3,769.74
over,,翻译失败,Track 03 P023-032.mp3,773.5
sat,,翻译失败,Track 03 P023-032.mp3,774.1
over,,翻译失败,Track 03 P023-032.mp3,777.76
throw,,翻译失败,Track 03 P023-032.mp3,778.38
over,,翻译失败,Track 03 P023-032.mp3,779.7
throw,,翻译失败,Track 03 P023-032.mp3,780.3
over,,翻译失败,Track 03 P023-032.mp3,782.9
turn,,翻译失败,Track 03 P023-032.mp3,783.86
per,,翻译失败,Track 03 P023-032.mp3,790.76
per,,翻译失败,Track 03 P023-032.mp3,795.88
ennial,,翻译失败,Track 03 P023-032.mp3,796.48
per,,翻译失败,Track 03 P023-032.mp3,799.58
per,,翻译失败,Track 03 P023-032.mp3,803.96
per,,翻译失败,Track 03 P023-032.mp3,807.88
pers,,翻译失败,Track 03 P023-032.mp3,812.96
pers,,翻译失败,Track 03 P023-032.mp3,816.96
pect,,翻译失败,Track 03 P023-032.mp3,817.56
ive,,翻译失败,Track 03 P023-032.mp3,817.88
pers,,翻译失败,Track 03 P023-032.mp3,820.78
per,,翻译失败,Track 03 P023-032.mp3,823.96
ade,,翻译失败,Track 03 P023-032.mp3,825.02
per,,翻译失败,Track 03 P023-032.mp3,828.52
cussion,,翻译失败,Track 03 P023-032.mp3,829.06
per,,翻译失败,Track 03 P023-032.mp3,831.96
empt,,翻译失败,Track 03 P023-032.mp3,832.8
ory,,翻译失败,Track 03 P023-032.mp3,833.08
per,,翻译失败,Track 03 P023-032.mp3,837.72
nis,,翻译失败,Track 03 P023-032.mp3,837.96
cience,,翻译失败,Track 03 P023-032.mp3,838.28
per,,翻译失败,Track 03 P023-032.mp3,842.08
plex,,翻译失败,Track 03 P023-032.mp3,842.72
per,,翻译失败,Track 03 P023-032.mp3,845.98
top,,翻译失败,Track 03 P023-032.mp3,846.84
per,,翻译失败,Track 03 P023-032.mp3,850.1
ury,,翻译失败,Track 03 P023-032.mp3,851.08
gery,,翻译失败,Track 03 P023-032.mp3,855.04
per,,翻译失败,Track 03 P023-032.mp3,858.12
vas,,翻译失败,Track 03 P023-032.mp3,858.96
per,,翻译失败,Track 03 P023-032.mp3,862.7
vert,,翻译失败,Track 03 P023-032.mp3,862.94
post,,翻译失败,Track 03 P023-032.mp3,870.48
age,,翻译失败,Track 03 P023-032.mp3,871.3
oster,,翻译失败,Track 03 P023-032.mp3,875.48
oster,,翻译失败,Track 03 P023-032.mp3,881.32
ity,,翻译失败,Track 03 P023-032.mp3,881.72
post,,翻译失败,Track 03 P023-032.mp3,884.38
post,,翻译失败,Track 03 P023-032.mp3,888.28
graduate,,翻译失败,Track 03 P023-032.mp3,889.24
post,,翻译失败,Track 03 P023-032.mp3,892.52
post,,翻译失败,Track 03 P023-032.mp3,896.08
modern,,翻译失败,Track 03 P023-032.mp3,896.82
post,,翻译失败,Track 03 P023-032.mp3,900.32
ative,,翻译失败,Track 03 P023-032.mp3,901.36
pers,,翻译失败,Track 03 P023-032.mp3,904.34
one,,翻译失败,Track 03 P023-032.mp3,905.46
post,,翻译失败,Track 03 P023-032.mp3,908.28
script,,翻译失败,Track 03 P023-032.mp3,908.9
post,,翻译失败,Track 03 P023-032.mp3,911.86
post,,翻译失败,Track 03 P023-032.mp3,915.28
age,,翻译失败,Track 03 P023-032.mp3,916.06
post,,翻译失败,Track 03 P023-032.mp3,918.56
post,,翻译失败,Track 03 P023-032.mp3,921.24
post,,翻译失败,Track 03 P023-032.mp3,925.56
box,,翻译失败,Track 03 P023-032.mp3,926.2
post,,翻译失败,Track 03 P023-032.mp3,929.19
card,,翻译失败,Track 03 P023-032.mp3,929.68
post,,翻译失败,Track 03 P023-032.mp3,932.56
code,,翻译失败,Track 03 P023-032.mp3,933.46
post,,翻译失败,Track 03 P023-032.mp3,936.56
post,,翻译失败,Track 03 P023-032.mp3,940.56
post,,翻译失败,Track 03 P023-032.mp3,944.56
post,,翻译失败,Track 03 P023-032.mp3,948.08
office,,翻译失败,Track 03 P023-032.mp3,948.08
ble,,翻译失败,Track 03 P023-032.mp3,956.74
built,,翻译失败,Track 03 P023-032.mp3,961.32
ceed,,翻译失败,Track 03 P023-032.mp3,969.76
ced,,翻译失败,Track 03 P023-032.mp3,975.5
ude,,翻译失败,Track 03 P023-032.mp3,979.32
cond,,翻译失败,Track 03 P023-032.mp3,983.3
orn,,翻译失败,Track 03 P023-032.mp3,987.48
dest,,翻译失败,Track 03 P023-032.mp3,991.2
ination,,翻译失败,Track 03 P023-032.mp3,991.44
prot,,翻译失败,Track 03 P023-032.mp3,995.7
hist,,翻译失败,Track 03 P023-032.mp3,1004.42
ory,,翻译失败,Track 03 P023-032.mp3,1004.74
human,,翻译失败,Track 03 P023-032.mp3,1008.76
abor,,翻译失败,Track 03 P023-032.mp3,1013.34
pay,,翻译失败,Track 03 P023-032.mp3,1017.28
position,,翻译失败,Track 03 P023-032.mp3,1020.76
ative,,翻译失败,Track 03 P023-032.mp3,1026.08
ivity,,翻译失败,Track 03 P023-032.mp3,1050.9
ula,,翻译失败,Track 04 P033-042.mp3,1.58
ions,,翻译失败,Track 04 P033-042.mp3,12.1
ile,,翻译失败,Track 04 P033-042.mp3,16.6
gen,,翻译失败,Track 04 P033-042.mp3,21.2
itor,,翻译失败,Track 04 P033-042.mp3,21.56
gress,,翻译失败,Track 04 P033-042.mp3,24.98
hib,,翻译失败,Track 04 P033-042.mp3,28.24
ject,,翻译失败,Track 04 P033-042.mp3,32.74
ject,,翻译失败,Track 04 P033-042.mp3,35.72
log,,翻译失败,Track 04 P033-042.mp3,39.36
omin,,翻译失败,Track 04 P033-042.mp3,47.64
prom,,翻译失败,Track 04 P033-042.mp3,51.68
pell,,翻译失败,Track 04 P033-042.mp3,60.7
ute,,翻译失败,Track 04 P033-042.mp3,64.46
spe,,翻译失败,Track 04 P033-042.mp3,68.82
ret,,翻译失败,Track 04 P033-042.mp3,76.2
prov,,翻译失败,Track 04 P033-042.mp3,81.4
que,,翻译失败,Track 04 P033-042.mp3,86.08
ican,,翻译失败,Track 04 P033-042.mp3,90.66
very,,翻译失败,Track 04 P033-042.mp3,98.62
cur,,翻译失败,Track 04 P033-042.mp3,107.22
ator,,翻译失败,Track 04 P033-042.mp3,107.46
loc,,翻译失败,Track 04 P033-042.mp3,111.06
utor,,翻译失败,Track 04 P033-042.mp3,111.4
now,,翻译失败,Track 04 P033-042.mp3,115.04
bound,,翻译失败,Track 04 P033-042.mp3,122.22
rebound,,翻译失败,Track 04 P033-042.mp3,124.36
lect,,翻译失败,Track 04 P033-042.mp3,136.32
gress,,翻译失败,Track 04 P033-042.mp3,140.72
ven,,翻译失败,Track 04 P033-042.mp3,144.46
pell,,翻译失败,Track 04 P033-042.mp3,147.84
ret,,翻译失败,Track 04 P033-042.mp3,157.16
ret,,翻译失败,Track 04 P033-042.mp3,161.18
urn,,翻译失败,Track 04 P033-042.mp3,162.42
pell,,翻译失败,Track 04 P033-042.mp3,170.76
rem,,翻译失败,Track 04 P033-042.mp3,173.92
ove,,翻译失败,Track 04 P033-042.mp3,174.74
neg,,翻译失败,Track 04 P033-042.mp3,179.28
ert,,翻译失败,Track 04 P033-042.mp3,191.48
arr,,翻译失败,Track 04 P033-042.mp3,213.16
ange,,翻译失败,Track 04 P033-042.mp3,213.42
ert,,翻译失败,Track 04 P033-042.mp3,217.64
birth,,翻译失败,Track 04 P033-042.mp3,222.4
fer,,翻译失败,Track 04 P033-042.mp3,240.0
gener,,翻译失败,Track 04 P033-042.mp3,244.04
print,,翻译失败,Track 04 P033-042.mp3,253.22
ert,,翻译失败,Track 04 P033-042.mp3,260.76
ions,,翻译失败,Track 04 P033-042.mp3,261.06
ede,,翻译失败,Track 04 P033-042.mp3,268.88
ede,,翻译失败,Track 04 P033-042.mp3,273.68
ede,,翻译失败,Track 04 P033-042.mp3,278.38
lusion,,翻译失败,Track 04 P033-042.mp3,287.24
rete,,翻译失败,Track 04 P033-042.mp3,292.44
lect,,翻译失败,Track 04 P033-042.mp3,304.18
other,,翻译失败,Track 04 P033-042.mp3,311.84
onscious,,翻译失败,Track 04 P033-042.mp3,349.3
mar,,翻译失败,Track 04 P033-042.mp3,359.38
ine,,翻译失败,Track 04 P033-042.mp3,359.66
atch,,翻译失败,Track 04 P033-042.mp3,364.84
iss,,翻译失败,Track 04 P033-042.mp3,369.78
ubs,,翻译失败,Track 04 P033-042.mp3,381.24
ard,,翻译失败,Track 04 P033-042.mp3,388.04
ructure,,翻译失败,Track 04 P033-042.mp3,392.54
surface,,翻译失败,Track 04 P033-042.mp3,396.52
ranean,,翻译失败,Track 04 P033-042.mp3,400.86
omic,,翻译失败,Track 04 P033-042.mp3,414.04
inent,,翻译失败,Track 04 P033-042.mp3,418.66
met,,翻译失败,Track 04 P033-042.mp3,428.2
all,,翻译失败,Track 04 P033-042.mp3,428.46
rop,,翻译失败,Track 04 P033-042.mp3,436.98
ics,,翻译失败,Track 04 P033-042.mp3,437.1
branch,,翻译失败,Track 04 P033-042.mp3,445.62
committee,,翻译失败,Track 04 P033-042.mp3,450.42
itor,,翻译失败,Track 04 P033-042.mp3,459.56
ing,,翻译失败,Track 04 P033-042.mp3,463.86
off,,翻译失败,Track 04 P033-042.mp3,467.84
off,,翻译失败,Track 04 P033-042.mp3,472.1
ordinate,,翻译失败,Track 04 P033-042.mp3,476.3
iary,,翻译失败,Track 04 P033-042.mp3,480.84
tit,,翻译失败,Track 04 P033-042.mp3,484.96
ute,,翻译失败,Track 04 P033-042.mp3,493.42
ular,,翻译失败,Track 04 P033-042.mp3,497.38
ult,,翻译失败,Track 04 P033-042.mp3,505.86
ral,,翻译失败,Track 04 P033-042.mp3,514.72
equ,,翻译失败,Track 04 P033-042.mp3,518.82
equ,,翻译失败,Track 04 P033-042.mp3,523.66
ator,,翻译失败,Track 04 P033-042.mp3,523.98
ulture,,翻译失败,Track 04 P033-042.mp3,546.88
let,,翻译失败,Track 04 P033-042.mp3,555.46
ten,,翻译失败,Track 04 P033-042.mp3,559.06
come,,翻译失败,Track 04 P033-042.mp3,571.6
uff,,翻译失败,Track 04 P033-042.mp3,575.84
uff,,翻译失败,Track 04 P033-042.mp3,579.38
uff,,翻译失败,Track 04 P033-042.mp3,582.94
upp,,翻译失败,Track 04 P033-042.mp3,591.98
lic,,翻译失败,Track 04 P033-042.mp3,592.1
upp,,翻译失败,Track 04 P033-042.mp3,596.78
ort,,翻译失败,Track 04 P033-042.mp3,597.0
upp,,翻译失败,Track 04 P033-042.mp3,599.66
upp,,翻译失败,Track 04 P033-042.mp3,603.72
icon,,翻译失败,Track 04 P033-042.mp3,611.96
her,,翻译失败,Track 04 P033-042.mp3,616.4
hero,,翻译失败,Track 04 P033-042.mp3,616.6
highway,,翻译失败,Track 04 P033-042.mp3,620.9
let,,翻译失败,Track 04 P033-042.mp3,630.24
mod,,翻译失败,Track 04 P033-042.mp3,638.28
eno,,翻译失败,Track 04 P033-042.mp3,642.16
ersonic,,翻译失败,Track 04 P033-042.mp3,654.8
speed,,翻译失败,Track 04 P033-042.mp3,659.82
ert,,翻译失败,Track 04 P033-042.mp3,663.84
charge,,翻译失败,Track 04 P033-042.mp3,668.4
itation,,翻译失败,Track 04 P033-042.mp3,678.08
ath,,翻译失败,Track 04 P033-042.mp3,682.44
ert,,翻译失败,Track 04 P033-042.mp3,686.56
rition,,翻译失败,Track 04 P033-042.mp3,690.96
atur,,翻译失败,Track 04 P033-042.mp3,695.34
ers,,翻译失败,Track 04 P033-042.mp3,700.12
ensitive,,翻译失败,Track 04 P033-042.mp3,700.36
ere,,翻译失败,Track 04 P033-042.mp3,705.04
erin,,翻译失败,Track 04 P033-042.mp3,709.32
erin,,翻译失败,Track 04 P033-042.mp3,714.96
tend,,翻译失败,Track 04 P033-042.mp3,715.18
eria,,翻译失败,Track 04 P033-042.mp3,720.02
ere,,翻译失败,Track 04 P033-042.mp3,725.08
arity,,翻译失败,Track 04 P033-042.mp3,725.26
ath,,翻译失败,Track 04 P033-042.mp3,730.24
ast,,翻译失败,Track 04 P033-042.mp3,738.9
ructure,,翻译失败,Track 04 P033-042.mp3,743.58
charge,,翻译失败,Track 04 P033-042.mp3,755.44
ert,,翻译失败,Track 04 P033-042.mp3,762.54
mount,,翻译失败,Track 04 P033-042.mp3,768.5
ere,,翻译失败,Track 04 P033-042.mp3,783.74
real,,翻译失败,Track 04 P033-042.mp3,787.74
render,,翻译失败,Track 04 P033-042.mp3,796.14
round,,翻译失败,Track 04 P033-042.mp3,800.48
round,,翻译失败,Track 04 P033-042.mp3,804.12
ing,,翻译失败,Track 04 P033-042.mp3,804.46
ension,,翻译失败,Track 04 P033-042.mp3,834.24
iper,,翻译失败,Track 04 P033-042.mp3,844.32
trans,,翻译失败,Track 04 P033-042.mp3,854.12
cend,,翻译失败,Track 04 P033-042.mp3,854.68
trans,,翻译失败,Track 04 P033-042.mp3,858.54
inental,,翻译失败,Track 04 P033-042.mp3,859.56
trans,,翻译失败,Track 04 P033-042.mp3,863.16
trans,,翻译失败,Track 04 P033-042.mp3,867.8
trans,,翻译失败,Track 04 P033-042.mp3,872.16
gress,,翻译失败,Track 04 P033-042.mp3,872.88
trans,,翻译失败,Track 04 P033-042.mp3,876.52
trans,,翻译失败,Track 04 P033-042.mp3,880.72
national,,翻译失败,Track 04 P033-042.mp3,881.38
trans,,翻译失败,Track 04 P033-042.mp3,885.12
trans,,翻译失败,Track 04 P033-042.mp3,889.82
cean,,翻译失败,Track 04 P033-042.mp3,890.6
trans,,翻译失败,Track 04 P033-042.mp3,894.2
trans,,翻译失败,Track 04 P033-042.mp3,898.24
trans,,翻译失败,Track 04 P033-042.mp3,902.42
trans,,翻译失败,Track 04 P033-042.mp3,907.12
trans,,翻译失败,Track 04 P033-042.mp3,911.12
cribe,,翻译失败,Track 04 P033-042.mp3,912.22
trans,,翻译失败,Track 04 P033-042.mp3,916.12
fer,,翻译失败,Track 04 P033-042.mp3,917.14
trans,,翻译失败,Track 04 P033-042.mp3,919.62
trans,,翻译失败,Track 04 P033-042.mp3,925.12
trans,,翻译失败,Track 04 P033-042.mp3,930.12
trans,,翻译失败,Track 04 P033-042.mp3,934.66
trans,,翻译失败,Track 04 P033-042.mp3,938.9
trans,,翻译失败,Track 04 P033-042.mp3,943.28
trans,,翻译失败,Track 04 P033-042.mp3,946.66
mit,,翻译失败,Track 04 P033-042.mp3,947.54
trans,,翻译失败,Track 04 P033-042.mp3,951.12
ute,,翻译失败,Track 04 P033-042.mp3,952.38
trans,,翻译失败,Track 04 P033-042.mp3,956.52
plant,,翻译失败,Track 04 P033-042.mp3,957.48
trans,,翻译失败,Track 04 P033-042.mp3,960.76
trans,,翻译失败,Track 04 P033-042.mp3,964.56
trans,,翻译失败,Track 04 P033-042.mp3,967.9
trans,,翻译失败,Track 04 P033-042.mp3,972.46
omic,,翻译失败,Track 04 P033-042.mp3,987.06
ich,,翻译失败,Track 04 P033-042.mp3,991.1
our,,翻译失败,Track 04 P033-042.mp3,991.42
ran,,翻译失败,Track 04 P033-042.mp3,994.54
ilateral,,翻译失败,Track 04 P033-042.mp3,999.36
ogy,,翻译失败,Track 04 P033-042.mp3,1008.24
rio,,翻译失败,Track 04 P033-042.mp3,1010.9
ple,,翻译失败,Track 04 P033-042.mp3,1017.42
pod,,翻译失败,Track 04 P033-042.mp3,1021.04
section,,翻译失败,Track 04 P033-042.mp3,1024.68
twice,,翻译失败,Track 04 P033-042.mp3,1036.04
ife,,翻译失败,Track 04 P033-042.mp3,1040.44
old,,翻译失败,Track 04 P033-042.mp3,1040.62
ife,,翻译失败,Track 04 P033-042.mp3,1043.96
old,,翻译失败,Track 04 P033-042.mp3,1044.2
ife,,翻译失败,Track 04 P033-042.mp3,1047.94
old,,翻译失败,Track 04 P033-042.mp3,1048.14
ilight,,翻译失败,Track 04 P033-042.mp3,1051.34
trans,,翻译失败,Track 04 P033-042.mp3,1056.08
une,,翻译失败,Track 04 P033-042.mp3,1063.78
ailable,,翻译失败,Track 04 P033-042.mp3,1068.7
ailable,,翻译失败,Track 04 P033-042.mp3,1073.42
beat,,翻译失败,Track 04 P033-042.mp3,1082.34
ased,,翻译失败,Track 04 P033-042.mp3,1086.62
ertain,,翻译失败,Track 04 P033-042.mp3,1095.14
comfortable,,翻译失败,Track 04 P033-042.mp3,1103.1
